status,selection_basis,w_ce_score,w_embedding_score,w_hand_score,w_source_rank,w_ce_rank,w_embedding_rank,w_hand_rank,cv_claims_with_evidence,cv_macro_recall@1,cv_micro_recall@1,cv_hit_any@1,cv_evidence_f@1,cv_macro_recall@3,cv_micro_recall@3,cv_hit_any@3,cv_evidence_f@3,cv_macro_recall@5,cv_micro_recall@5,cv_hit_any@5,cv_evidence_f@5,cv_macro_recall@10,cv_micro_recall@10,cv_hit_any@10,cv_evidence_f@10,cv_macro_recall@64,cv_micro_recall@64,cv_hit_any@64,cv_evidence_f@64,cv_macro_recall@100,cv_micro_recall@100,cv_hit_any@100,cv_evidence_f@100,cv_macro_recall@500,cv_micro_recall@500,cv_hit_any@500,cv_evidence_f@500,dev_claims_with_evidence,dev_macro_recall@1,dev_micro_recall@1,dev_hit_any@1,dev_evidence_f@1,dev_macro_recall@3,dev_micro_recall@3,dev_hit_any@3,dev_evidence_f@3,dev_macro_recall@5,dev_micro_recall@5,dev_hit_any@5,dev_evidence_f@5,dev_macro_recall@10,dev_micro_recall@10,dev_hit_any@10,dev_evidence_f@10,dev_macro_recall@64,dev_micro_recall@64,dev_hit_any@64,dev_evidence_f@64,dev_macro_recall@100,dev_micro_recall@100,dev_hit_any@100,dev_evidence_f@100,dev_macro_recall@500,dev_micro_recall@500,dev_hit_any@500,dev_evidence_f@500
strict-candidate,train_kfold,0.25,0.5,0.0,0.0,0.25,0.0,0.0,245.6,0.09131978319783199,0.07488186155549371,0.2516144018583043,0.12481389303688957,0.19602947845804988,0.16388817360240826,0.41936618549858967,0.17550358308247804,0.24776854156296668,0.21577566418990038,0.4943089430894309,0.17146642489748515,0.3249651014877496,0.2940898711186792,0.583919031027045,0.14498375447902576,0.5074263591615508,0.48157331407434123,0.7590077982412478,0.04766251881839205,0.5404792876500194,0.5169754078890679,0.7850771528123445,0.0334206736721646,0.5922992091145401,0.5723441148399258,0.8282263149162103,0.007627412960809936,154.0,0.11504329004329003,0.0835030549898167,0.2662337662337662,0.14826839826839827,0.23874458874458873,0.1955193482688391,0.487012987012987,0.204700061842919,0.2962121212121212,0.25865580448065173,0.5584415584415584,0.19746959389816535,0.3958874458874459,0.3543788187372709,0.6753246753246753,0.167240984124101,0.5816017316017316,0.5498981670061099,0.8441558441558441,0.05176737233947116,0.6143939393939394,0.5845213849287169,0.8701298701298701,0.03591988343472038,0.6579004329004329,0.6334012219959266,0.8896103896103896,0.0080165281643477
strict-candidate,train_kfold,0.25,0.5,0.0,0.0,0.0,0.25,0.0,245.6,0.09131978319783199,0.07488186155549371,0.2516144018583043,0.12481389303688957,0.19535031248271667,0.16339097017853382,0.41773685083789613,0.17490604976020604,0.24840473425142412,0.21623983812155245,0.4951186328189813,0.17188323443973022,0.32455693822244347,0.29386089345539573,0.5863580554172889,0.14484770005725706,0.5081438526630164,0.4815761871849646,0.7606338145014103,0.0476642297101748,0.539908522758697,0.5164782044651935,0.7858901609424257,0.03338918140045917,0.5922992091145401,0.5723441148399258,0.8282263149162103,0.007627412960809936,154.0,0.11829004329004328,0.0855397148676171,0.2727272727272727,0.1525974025974026,0.23658008658008656,0.1934826883910387,0.487012987012987,0.20253555967841683,0.2962121212121212,0.25865580448065173,0.5584415584415584,0.19746959389816535,0.39426406926406926,0.35234215885947046,0.6753246753246753,0.16631334033931436,0.5803030303030302,0.5478615071283096,0.8441558441558441,0.05157915475994923,0.6143939393939394,0.5845213849287169,0.8701298701298701,0.03591988343472038,0.6579004329004329,0.6334012219959266,0.8896103896103896,0.0080165281643477
strict-candidate,train_kfold,0.25,0.5,0.0,0.25,0.0,0.0,0.0,245.6,0.09131978319783199,0.07488186155549371,0.2516144018583043,0.12481389303688957,0.19476583153586638,0.16316517463981034,0.4185531773685084,0.1744961640870053,0.2491271500470107,0.216489212368331,0.497567612410818,0.17214565671409873,0.32434079973452795,0.29386830032147077,0.583919031027045,0.14481478833096553,0.5086323212211713,0.48231552135944444,0.7606338145014103,0.04773502225483495,0.5406425529561418,0.517210702006715,0.7850771528123445,0.03343622274893816,0.5922992091145401,0.5723441148399258,0.8282263149162103,0.007627412960809936,154.0,0.11796536796536797,0.0855397148676171,0.2727272727272727,0.15216450216450217,0.23874458874458873,0.1955193482688391,0.487012987012987,0.204700061842919,0.2962121212121212,0.25865580448065173,0.5584415584415584,0.19746959389816535,0.3971861471861472,0.3564154786150713,0.6753246753246753,0.16810678498990186,0.5803030303030302,0.5478615071283096,0.8441558441558441,0.05157915475994923,0.6143939393939394,0.5845213849287169,0.8701298701298701,0.03591988343472038,0.6579004329004329,0.6334012219959266,0.8896103896103896,0.0080165281643477
strict-candidate,train_kfold,0.25,0.5,0.0,0.0,0.0,0.0,0.25,245.6,0.09131978319783199,0.07488186155549371,0.2516144018583043,0.12481389303688957,0.19476583153586638,0.16316517463981034,0.4185531773685084,0.1744961640870053,0.24831082351639844,0.2162539182506839,0.49675128588020573,0.17187354787056136,0.32434079973452795,0.29386830032147077,0.583919031027045,0.14481478833096553,0.5086323212211713,0.48231552135944444,0.7606338145014103,0.04773502225483495,0.5408058182622643,0.517445996124362,0.7850771528123445,0.033451771825711726,0.5924624744206626,0.5725928710588313,0.8282263149162103,0.007630645937168797,154.0,0.11958874458874459,0.08757637474541752,0.2792207792207792,0.15476190476190477,0.24036796536796537,0.1975560081466395,0.4935064935064935,0.20655534941249226,0.2981601731601731,0.25865580448065173,0.551948051948052,0.19802618016903734,0.3971861471861472,0.3564154786150713,0.6753246753246753,0.16810678498990186,0.5816017316017316,0.5498981670061099,0.8441558441558441,0.05176737233947116,0.6143939393939394,0.5845213849287169,0.8701298701298701,0.03591988343472038,0.6604978354978355,0.6374745417515275,0.8896103896103896,0.008067961879147751
strict-candidate,train_kfold,0.0,0.0,0.0,0.0,0.75,0.25,0.0,245.6,0.09035202698965765,0.07415715641307719,0.2491687406669985,0.12445683313975997,0.19288479619490073,0.16337764498260615,0.41449477351916375,0.17435280918406854,0.24591045849234003,0.21651394700872095,0.48778496764559487,0.1715387949992231,0.33058254521320724,0.2973073321641476,0.5904330512692881,0.14665266330373347,0.518009014988109,0.4932802571602414,0.7720391571262651,0.04880166752268686,0.549801393728223,0.5261858427142394,0.7964725402356064,0.03401278758788,0.5922992091145401,0.5723441148399258,0.8282263149162103,0.007627412960809936,154.0,0.09502164502164502,0.07128309572301425,0.22727272727272727,0.12294372294372294,0.23441558441558444,0.1955193482688391,0.487012987012987,0.20343228200371058,0.2987012987012987,0.25865580448065173,0.5584415584415584,0.19807771593485882,0.39826839826839827,0.35234215885947046,0.6623376623376623,0.1664331339656015,0.5771645021645022,0.5478615071283096,0.8311688311688312,0.05156221307463469,0.6196969696969697,0.5865580448065173,0.8766233766233766,0.0360448767680602,0.6579004329004329,0.6334012219959266,0.8896103896103896,0.0080165281643477
strict-candidate,train_kfold,0.25,0.25,0.0,0.25,0.0,0.0,0.25,245.6,0.09066191029257231,0.07342975834059236,0.2467164426746308,0.12372081190199657,0.19255472595542283,0.1624822830359401,0.41122946739671484,0.1735840463943998,0.2513323378131741,0.2176753949599139,0.4910668657706985,0.1732009133502414,0.33169697472484927,0.2991861461720714,0.5847287207565953,0.14750273132652425,0.5128034953818925,0.48715865434228006,0.7639024390243903,0.04821044519131821,0.5435988053758088,0.5203841900203994,0.7883325037332006,0.03363933441882854,0.5922992091145401,0.5723441148399258,0.8282263149162103,0.007627412960809936,154.0,0.12218614718614719,0.09164969450101833,0.2922077922077922,0.1590909090909091,0.23766233766233766,0.1955193482688391,0.474025974025974,0.20426716141001858,0.3074675324675325,0.26883910386965376,0.564935064935065,0.20540094825809113,0.3880952380952381,0.34623217922606925,0.6558441558441559,0.16343764460647578,0.5836580086580087,0.5539714867617108,0.8441558441558441,0.05214095696888661,0.6121212121212121,0.5885947046843177,0.8636363636363636,0.03616354594853848,0.6604978354978355,0.6374745417515275,0.8896103896103896,0.008067961879147751
strict-candidate,train_kfold,0.25,0.25,0.0,0.0,0.0,0.0,0.5,245.6,0.09066191029257231,0.07342975834059236,0.2467164426746308,0.12372081190199657,0.19255472595542283,0.16247910091138018,0.41122946739671484,0.1735840463943998,0.25106022896963665,0.21742663874100843,0.49025053924008627,0.17299683171758834,0.3319690835683867,0.29942144028971845,0.5855450472872076,0.1476283200235415,0.5128034953818925,0.48715865434228006,0.7639024390243903,0.04821044519131821,0.5437620706819313,0.5206194841380464,0.7883325037332006,0.03365488349560211,0.5924624744206626,0.5725928710588313,0.8282263149162103,0.007630645937168797,154.0,0.12218614718614719,0.09164969450101833,0.2922077922077922,0.1590909090909091,0.2409090909090909,0.1975560081466395,0.4805194805194805,0.20686456400742115,0.3090909090909091,0.2708757637474542,0.5714285714285714,0.20684394970109257,0.3878787878787879,0.34419551934826886,0.6558441558441559,0.16265509382392498,0.5820346320346321,0.5519348268839104,0.8441558441558441,0.051949971483783476,0.6104978354978355,0.5865580448065173,0.8636363636363636,0.03603867082366335,0.6637445887445887,0.639511201629328,0.8896103896103896,0.008093832422946583
strict-candidate,train_kfold,0.25,0.25,0.0,0.5,0.0,0.0,0.0,245.6,0.09025540622753167,0.07318762758998702,0.24590343454454952,0.12317880648194238,0.1921482218903822,0.16223383583097115,0.41122946739671484,0.1732588431423673,0.2513865383551795,0.21790484500703572,0.4918798739007798,0.1733228645697536,0.33112720535368617,0.2987024048494554,0.5830993860959017,0.14725838643409575,0.5125324926718655,0.4869102071373111,0.7639024390243903,0.0481861762919128,0.5449858967977435,0.5211103711075571,0.7891488302638129,0.03368699157232828,0.5922992091145401,0.5723441148399258,0.8282263149162103,0.007627412960809936,154.0,0.12218614718614719,0.09164969450101833,0.2922077922077922,0.1590909090909091,0.23766233766233766,0.1955193482688391,0.474025974025974,0.20426716141001858,0.3094155844155844,0.26883910386965376,0.5714285714285714,0.20595753452896312,0.38755411255411254,0.34623217922606925,0.6623376623376623,0.16336628739226142,0.5823593073593074,0.5519348268839104,0.8441558441558441,0.051952739389364684,0.6121212121212121,0.5885947046843177,0.8636363636363636,0.03616354594853848,0.6579004329004329,0.6334012219959266,0.8896103896103896,0.0080165281643477
strict-candidate,train_kfold,0.25,0.25,0.0,0.0,0.25,0.0,0.25,245.6,0.09066273989270504,0.07367851455949784,0.24753276920524306,0.12383054034621979,0.1913750345666722,0.16149450165649143,0.41041645926663345,0.17249715170621094,0.2514815552237155,0.21767622415244509,0.49025053924008627,0.1732597043463146,0.3292556274542337,0.2967326861610832,0.5798506719761075,0.14632093828410403,0.5124085504120347,0.486674294991791,0.7638991206238593,0.04816266883307914,0.5441695702671312,0.5208521163097282,0.7891455118632819,0.03367082669053397,0.5924624744206626,0.5725928710588313,0.8282263149162103,0.007630645937168797,154.0,0.11893939393939394,0.08961303462321792,0.2857142857142857,0.15476190476190477,0.2409090909090909,0.1975560081466395,0.4805194805194805,0.20686456400742115,0.3074675324675325,0.26883910386965376,0.564935064935065,0.20540094825809113,0.3895021645021645,0.34623217922606925,0.6623376623376623,0.16358273760871164,0.5836580086580087,0.5539714867617108,0.8441558441558441,0.05214095696888661,0.6108225108225108,0.5865580448065173,0.8636363636363636,0.03603986011056693,0.6604978354978355,0.6374745417515275,0.8896103896103896,0.008067961879147751
strict-candidate,train_kfold,0.25,0.75,0.0,0.0,0.0,0.0,0.0,245.6,0.08826840329627786,0.07268394660161304,0.24429069188651073,0.1209620043139207,0.19222404734251425,0.1609341823989511,0.4120325203252032,0.17233421824014158,0.24433239311984956,0.21285104571050123,0.4918632818981251,0.16911087671615296,0.3214920081853879,0.29021408973982854,0.5855483656877385,0.14314929404426666,0.5062451191858857,0.478893749510693,0.7581981085116973,0.04740436526102172,0.5391761517615177,0.5155062381190321,0.7858901609424257,0.03332687691107653,0.5922992091145401,0.5723441148399258,0.8282263149162103,0.007627412960809936,154.0,0.10346320346320347,0.07331975560081466,0.23376623376623376,0.1316017316017316,0.23387445887445887,0.19144602851323828,0.4805194805194805,0.2000618429189858,0.28300865800865804,0.24643584521384929,0.551948051948052,0.18782209853638426,0.3978354978354978,0.3564154786150713,0.6883116883116883,0.16823047082787343,0.5764069264069264,0.5417515274949084,0.8441558441558441,0.051014502021383454,0.6117965367965368,0.5804480651731161,0.8701298701298701,0.035672511758777274,0.6579004329004329,0.6334012219959266,0.8896103896103896,0.0080165281643477
strict-candidate,train_kfold,0.25,0.25,0.0,0.0,0.0,0.25,0.25,245.6,0.09021376030086832,0.07342975834059236,0.2467164426746308,0.12323190089043748,0.19144416791106686,0.16101076033387543,0.41204247552679607,0.17212896726634905,0.24989535976992422,0.21645184707897971,0.48781151484984236,0.17228335716787685,0.328767822576185,0.2969716347871286,0.5806636801061889,0.14638992079211094,0.5125549471821249,0.48740778509574556,0.7638958022233284,0.048233337143917775,0.5432736021237764,0.5199102562906435,0.7883325037332006,0.03360836268053973,0.5924624744206626,0.5725928710588313,0.8282263149162103,0.007630645937168797,154.0,0.12218614718614719,0.09164969450101833,0.2922077922077922,0.1590909090909091,0.23766233766233766,0.1955193482688391,0.474025974025974,0.20426716141001858,0.3077922077922078,0.26883910386965376,0.564935064935065,0.20554524840239127,0.38463203463203466,0.3421588594704684,0.6558441558441559,0.1615728427416739,0.5807359307359308,0.5498981670061099,0.8441558441558441,0.05176175390426155,0.6091991341991342,0.5845213849287169,0.8636363636363636,0.035914984985691796,0.6604978354978355,0.6374745417515275,0.8896103896103896,0.008067961879147751
strict-candidate,train_kfold,0.25,0.25,0.0,0.25,0.0,0.25,0.0,245.6,0.09005049499474586,0.07318100212168688,0.24590011614401858,0.12295979204690007,0.1912809026049444,0.16077546621622835,0.4112261489961838,0.17192488563369598,0.25050677506775065,0.2169260898226722,0.48781151484984236,0.17269726179283174,0.328767822576185,0.2969716347871286,0.5806636801061889,0.14638992079211094,0.5125549471821249,0.48740778509574556,0.7638958022233284,0.048233337143917775,0.543110336817654,0.519661500071738,0.7883325037332006,0.03359281360376616,0.5922992091145401,0.5723441148399258,0.8282263149162103,0.007627412960809936,154.0,0.12218614718614719,0.09164969450101833,0.2922077922077922,0.1590909090909091,0.23766233766233766,0.1955193482688391,0.474025974025974,0.20426716141001858,0.3074675324675325,0.26883910386965376,0.5714285714285714,0.20540094825809113,0.38755411255411254,0.34623217922606925,0.6623376623376623,0.16336628739226142,0.581060606060606,0.5498981670061099,0.8441558441558441,0.051764521809842756,0.6108225108225108,0.5865580448065173,0.8636363636363636,0.03603986011056693,0.6579004329004329,0.6334012219959266,0.8896103896103896,0.0080165281643477
strict-candidate,train_kfold,0.25,0.25,0.0,0.0,0.25,0.25,0.0,245.6,0.08927963055140756,0.07294184233098336,0.24509374481499915,0.12220341795254688,0.19124135833195066,0.1605296809572247,0.41041645926663345,0.17183307655233987,0.24939317515624135,0.2164585203420361,0.4845528455284553,0.17223425274097254,0.32702748741773136,0.29553278250882753,0.5749593495934959,0.14568138824286164,0.5116761794148553,0.48618737154461505,0.763086112493778,0.048115062716695564,0.5428647751783641,0.5196588381257726,0.7875128588020575,0.03359229307034955,0.5922992091145401,0.5723441148399258,0.8282263149162103,0.007627412960809936,154.0,0.11893939393939394,0.08961303462321792,0.2857142857142857,0.15476190476190477,0.2409090909090909,0.1975560081466395,0.4805194805194805,0.20686456400742115,0.3064935064935065,0.2668024439918534,0.5714285714285714,0.20424654710368997,0.3891774891774892,0.34826883910386963,0.6623376623376623,0.16429393117704805,0.581060606060606,0.5498981670061099,0.8441558441558441,0.051764521809842756,0.6108225108225108,0.5865580448065173,0.8636363636363636,0.03603986011056693,0.6579004329004329,0.6334012219959266,0.8896103896103896,0.0080165281643477
strict-candidate,train_kfold,0.25,0.25,0.0,0.0,0.0,0.5,0.0,245.6,0.08923881422487694,0.07294184233098336,0.24509374481499915,0.12214899618383938,0.1912007079254466,0.16053364447955956,0.4104131408661026,0.1718040405476941,0.25022012056855264,0.21720067983238303,0.48780819644931145,0.1728027579595524,0.3271772025883524,0.29599752667359647,0.5765886842541895,0.1458804667485603,0.5116355290083513,0.48520626342822276,0.7638991206238593,0.048021904535458036,0.5425395719263315,0.5191808930789257,0.7858868425418948,0.03356132133206073,0.5922992091145401,0.5723441148399258,0.8282263149162103,0.007627412960809936,154.0,0.12218614718614719,0.09164969450101833,0.2922077922077922,0.1590909090909091,0.23766233766233766,0.1955193482688391,0.474025974025974,0.20426716141001858,0.3064935064935065,0.2668024439918534,0.5714285714285714,0.20424654710368997,0.3878787878787879,0.34623217922606925,0.6623376623376623,0.1634281303112472,0.5832251082251082,0.5519348268839104,0.8441558441558441,0.051958357824574294,0.6079004329004328,0.5824847250509165,0.8636363636363636,0.035791299147720244,0.6579004329004329,0.6334012219959266,0.8896103896103896,0.0080165281643477
strict-candidate,train_kfold,0.25,0.25,0.0,0.25,0.25,0.0,0.0,245.6,0.09066273989270504,0.07367851455949784,0.24753276920524306,0.12383054034621979,0.19066932138709142,0.16077181170783,0.4087871246059399,0.1717507881201261,0.2513182899175931,0.2174274679335396,0.489434212709474,0.17309643904019217,0.3290923621481113,0.29649739204343617,0.5790343454454953,0.1462120947466891,0.5127344173441734,0.48715171986004335,0.7647154471544716,0.04820989592469345,0.5441695702671312,0.5208521163097282,0.7891455118632819,0.03367082669053397,0.5922992091145401,0.5723441148399258,0.8282263149162103,0.007627412960809936,154.0,0.12218614718614719,0.09164969450101833,0.2922077922077922,0.1590909090909091,0.23766233766233766,0.1955193482688391,0.474025974025974,0.20426716141001858,0.3074675324675325,0.26883910386965376,0.5714285714285714,0.20540094825809113,0.38755411255411254,0.34623217922606925,0.6623376623376623,0.16336628739226142,0.5836580086580087,0.5539714867617108,0.8441558441558441,0.05214095696888661,0.6108225108225108,0.5865580448065173,0.8636363636363636,0.03603986011056693,0.6579004329004329,0.6334012219959266,0.8896103896103896,0.0080165281643477
strict-candidate,train_kfold,0.25,0.25,0.0,0.0,0.5,0.0,0.0,245.6,0.08976677174935013,0.07270973033789623,0.2442774182843869,0.12247331452906365,0.19083153586637908,0.16053651759018295,0.4096001327360212,0.17175011653906627,0.2511851114429512,0.2171748938363339,0.4869951883192301,0.1729399659205533,0.3284229301476688,0.29603969567628363,0.5757723577235773,0.14598994611936375,0.5117181571815718,0.48665795977990917,0.7630894308943089,0.04816096828609579,0.5437600796416128,0.5206138512321793,0.7883258669321387,0.03365469387271462,0.5922992091145401,0.5723441148399258,0.8282263149162103,0.007627412960809936,154.0,0.11893939393939394,0.08961303462321792,0.2857142857142857,0.15476190476190477,0.2409090909090909,0.1975560081466395,0.4805194805194805,0.20686456400742115,0.30616883116883115,0.2668024439918534,0.564935064935065,0.20410224695938983,0.38755411255411254,0.34623217922606925,0.6623376623376623,0.16336628739226142,0.5836580086580087,0.5539714867617108,0.8441558441558441,0.05214095696888661,0.6121212121212121,0.5885947046843177,0.8636363636363636,0.03616354594853848,0.6579004329004329,0.6334012219959266,0.8896103896103896,0.0080165281643477
strict-candidate,train_kfold,0.5,0.5,0.0,0.0,0.0,0.0,0.0,245.6,0.08927963055140756,0.07294184233098336,0.24509374481499915,0.12220341795254688,0.1902217797688181,0.16005543821353224,0.4096001327360212,0.17119262524986767,0.25061600575189424,0.21645168370907783,0.4861821801891488,0.17241602734783426,0.3279771030363365,0.29625865458204886,0.5757756761241082,0.1460675564687511,0.5111877108567005,0.4854512194946953,0.763086112493778,0.04804427017203542,0.5425395719263315,0.5191808930789257,0.7858868425418948,0.03356132133206073,0.5922992091145401,0.5723441148399258,0.8282263149162103,0.007627412960809936,154.0,0.11893939393939394,0.08961303462321792,0.2857142857142857,0.15476190476190477,0.2409090909090909,0.1975560081466395,0.4805194805194805,0.20686456400742115,0.3064935064935065,0.2668024439918534,0.5714285714285714,0.20424654710368997,0.3891774891774892,0.34826883910386963,0.6623376623376623,0.16429393117704805,0.581060606060606,0.5498981670061099,0.8441558441558441,0.051764521809842756,0.6079004329004328,0.5824847250509165,0.8636363636363636,0.035791299147720244,0.6579004329004329,0.6334012219959266,0.8896103896103896,0.0080165281643477
strict-candidate,train_kfold,0.5,0.25,0.0,0.0,0.0,0.25,0.0,245.6,0.09055616392898622,0.07372745467451977,0.24753940600630497,0.1241050826834799,0.1886161716719208,0.15977459727008125,0.40471212875394064,0.1705233512684981,0.2508720203528566,0.21673504768185686,0.4902439024390244,0.17252188432477134,0.32870610032630937,0.29701922999865615,0.5782014269122283,0.14636433142655142,0.5135481444610365,0.48738351410048997,0.7647121287539406,0.048235638581839616,0.5445847021735524,0.5210753632178661,0.7899552015928323,0.033685701063318974,0.5922992091145401,0.5723441148399258,0.8282263149162103,0.007627412960809936,154.0,0.11764069264069264,0.08757637474541752,0.2792207792207792,0.1525974025974026,0.23896103896103893,0.19959266802443992,0.4805194805194805,0.20783858998144714,0.305952380952381,0.26476578411405294,0.551948051948052,0.20303545660688518,0.3852813852813853,0.34012219959266804,0.6558441558441559,0.16092349209232326,0.578030303030303,0.5478615071283096,0.8376623376623377,0.05156506735990161,0.6121212121212121,0.5885947046843177,0.8636363636363636,0.03616354594853848,0.6579004329004329,0.6334012219959266,0.8896103896103896,0.0080165281643477
strict-candidate,train_kfold,0.5,0.25,0.0,0.0,0.25,0.0,0.0,245.6,0.09055616392898622,0.07372745467451977,0.24753940600630497,0.1241050826834799,0.18845290636579834,0.1595393031524342,0.4038958022233284,0.17031926963584504,0.2501502682373763,0.2167418843148151,0.48861124937779987,0.17238970137028872,0.3280545323820585,0.29581880616780587,0.5782014269122283,0.14583269205767962,0.5145650683037443,0.48884209487989094,0.7655284552845528,0.04837747403641735,0.5465408992865439,0.5222984387149618,0.7915845362535258,0.033764785421847056,0.5922992091145401,0.5723441148399258,0.8282263149162103,0.007627412960809936,154.0,0.11764069264069264,0.08757637474541752,0.2792207792207792,0.1525974025974026,0.23896103896103893,0.19959266802443992,0.4805194805194805,0.20783858998144714,0.3046536796536796,0.26272912423625255,0.5454545454545454,0.20173675530818388,0.3852813852813853,0.34012219959266804,0.6558441558441559,0.16092349209232326,0.5793290043290044,0.5498981670061099,0.8376623376623377,0.051753284939423536,0.6121212121212121,0.5885947046843177,0.8636363636363636,0.03616354594853848,0.6579004329004329,0.6334012219959266,0.8896103896103896,0.0080165281643477
strict-candidate,train_kfold,0.75,0.25,0.0,0.0,0.0,0.0,0.0,245.6,0.08990260494441679,0.07323991319947079,0.24590343454454952,0.12317902770864445,0.18832940655937172,0.1590622350928746,0.40226978596316576,0.16992366098588102,0.25116475858636134,0.2169456138865113,0.4877982412477186,0.17276484655031196,0.32935119738952495,0.29676657577803933,0.5798208063713289,0.14631157990839425,0.5148380620540899,0.48953534432410495,0.7647154471544716,0.048447052059403604,0.5460554725955422,0.5220433005210693,0.792400862784138,0.03374864967418763,0.5922992091145401,0.5723441148399258,0.8282263149162103,0.007627412960809936,154.0,0.11893939393939394,0.08961303462321792,0.2857142857142857,0.15476190476190477,0.2333333333333333,0.1934826883910387,0.4675324675324675,0.20188620902906618,0.3033549783549784,0.2606924643584521,0.5454545454545454,0.2004380540094826,0.37943722943722946,0.3340122199592668,0.6493506493506493,0.15810963927847044,0.5764069264069264,0.5458248472505092,0.8376623376623377,0.05137408187479848,0.6108225108225108,0.5865580448065173,0.8636363636363636,0.036039860110566924,0.6579004329004329,0.6334012219959266,0.8896103896103896,0.0080165281643477
strict-candidate,train_kfold,0.5,0.25,0.0,0.25,0.0,0.0,0.0,245.6,0.0895121398152757,0.07275548832835825,0.24428405508544881,0.12255926110281509,0.18803218848515016,0.15880711462484925,0.40226978596316576,0.16974739861101235,0.2505427244068359,0.21624802638540247,0.4902372656379625,0.17219357599795632,0.32815021293070074,0.2960374560596346,0.5782014269122283,0.14593263304363355,0.5147552126541673,0.4885833676982235,0.7647121287539406,0.04835568605789735,0.5465425584868093,0.522305064183262,0.7907715281234445,0.03376485048852414,0.5922992091145401,0.5723441148399258,0.8282263149162103,0.007627412960809936,154.0,0.12088744588744589,0.08961303462321792,0.2857142857142857,0.15692640692640694,0.23896103896103893,0.19959266802443992,0.4805194805194805,0.20783858998144714,0.3027056277056277,0.26272912423625255,0.5454545454545454,0.20118016903731192,0.3865800865800866,0.3421588594704684,0.6558441558441559,0.1617892929581241,0.5793290043290044,0.5498981670061099,0.8376623376623377,0.051753284939423536,0.6134199134199134,0.5906313645621182,0.8636363636363636,0.036287231786510034,0.6579004329004329,0.6334012219959266,0.8896103896103896,0.0080165281643477
strict-candidate,train_kfold,0.5,0.25,0.0,0.0,0.0,0.0,0.25,245.6,0.08991864388031635,0.07299443695440366,0.24509706321553013,0.1231012665228693,0.18776118577512305,0.15856816599880386,0.40226978596316576,0.16947639590098523,0.25111415297826445,0.21673207672195502,0.49105359216857475,0.17259007745568225,0.3283134782368232,0.2962862122785401,0.5782014269122283,0.14604147658104852,0.5145919473480449,0.4883480735805765,0.7638958022233283,0.04833202441932888,0.5465425584868093,0.522305064183262,0.7907715281234445,0.03376485048852414,0.5924624744206626,0.5725928710588313,0.8282263149162103,0.007630645937168797,154.0,0.11764069264069264,0.08757637474541752,0.2792207792207792,0.1525974025974026,0.24058441558441557,0.20162932790224034,0.487012987012987,0.20969387755102042,0.305952380952381,0.26476578411405294,0.551948051948052,0.20303545660688518,0.3852813852813853,0.34012219959266804,0.6558441558441559,0.16092349209232326,0.5806277056277056,0.5519348268839104,0.8376623376623377,0.05194150251894546,0.6121212121212121,0.5885947046843177,0.8636363636363636,0.03616354594853848,0.6604978354978355,0.6374745417515275,0.8896103896103896,0.008067961879147751
strict-candidate,train_kfold,0.25,0.5,0.25,0.0,0.0,0.0,0.0,245.6,0.09088805928875617,0.0730176588537659,0.24510038161606107,0.12375642940102871,0.18859637188208617,0.15835380636911378,0.4136585365853659,0.1694099962865518,0.2424605386870195,0.21139780428913219,0.4934826613572258,0.16788795394270756,0.3279847906642332,0.2958053463263134,0.5896034511365522,0.14576381209631584,0.5087574249211879,0.48353556037601486,0.7614667330346773,0.047846672160790374,0.5437174935014657,0.5188892019256592,0.7899585199933632,0.033546184312579476,0.5924624744206626,0.5725928710588313,0.8282263149162103,0.007630645937168797,154.0,0.10725108225108225,0.07942973523421588,0.2532467532467532,0.1396103896103896,0.24512987012987014,0.20162932790224034,0.487012987012987,0.21085343228200373,0.3014069264069264,0.26476578411405294,0.5584415584415584,0.20163368377654092,0.4094155844155844,0.36863543788187375,0.6948051948051948,0.17380584783182185,0.5897186147186146,0.5560081466395111,0.8506493506493507,0.05233253983162891,0.6222943722943722,0.5906313645621182,0.8701298701298701,0.03629224844400331,0.6766233766233767,0.6496945010183299,0.8961038961038961,0.008222775313574366
strict-candidate,train_kfold,0.25,0.0,0.0,0.25,0.0,0.5,0.0,245.6,0.08816713677340855,0.07331166835064007,0.24590011614401858,0.12157767822576186,0.18679376140700182,0.15907027771268997,0.40146009623361534,0.16938258787835692,0.2467464741994359,0.2148517176443486,0.48290360046457603,0.17074055111785327,0.3254668989547039,0.2938859503160576,0.5773751451800233,0.1448105817085409,0.516497151706211,0.49153553488695056,0.7720557491289199,0.04863304467462696,0.5509958519993363,0.527577461057337,0.7972888667662187,0.03410658950865803,0.5922992091145401,0.5723441148399258,0.8282263149162103,0.007627412960809936,154.0,0.11677489177489178,0.08757637474541752,0.2792207792207792,0.15151515151515152,0.2313852813852814,0.1934826883910387,0.45454545454545453,0.2009121830550402,0.2985930735930736,0.2545824847250509,0.538961038961039,0.19621727478870338,0.3770562770562771,0.3340122199592668,0.6428571428571429,0.15814445294964774,0.5772727272727273,0.539714867617108,0.8311688311688312,0.05081279441945306,0.6205627705627705,0.5865580448065173,0.8766233766233766,0.036047278434816935,0.6579004329004329,0.6334012219959266,0.8896103896103896,0.0080165281643477
strict-candidate,train_kfold,0.25,0.0,0.0,0.0,0.0,0.5,0.25,245.6,0.08800453514739229,0.07306953760003473,0.24508710801393727,0.12130667551573475,0.1865227586969747,0.15883132908664457,0.40146009623361534,0.1691115851683298,0.24633897461423593,0.2146262311195616,0.48127426580388255,0.17050797864635597,0.32468032741551905,0.29268531532054914,0.5773751451800233,0.14426932505578596,0.5171502129307007,0.4915189384558884,0.7712394225983076,0.04863450077546194,0.5497454786792766,0.5268476254617809,0.7956562137049942,0.03405915096475407,0.592829157679332,0.5730900744827057,0.8282263149162103,0.007637105162341828,154.0,0.11547619047619048,0.0855397148676171,0.2727272727272727,0.14935064935064934,0.23225108225108224,0.1934826883910387,0.45454545454545453,0.20145330859616575,0.3007575757575758,0.25661914460285135,0.538961038961039,0.19784065141208002,0.3770562770562771,0.3340122199592668,0.6428571428571429,0.15814445294964774,0.5846320346320346,0.5498981670061099,0.8441558441558441,0.05175950075227231,0.6192640692640692,0.5845213849287169,0.8766233766233766,0.03592359259684538,0.6835497835497836,0.6578411405295316,0.8961038961038961,0.008325847250986796
strict-candidate,train_kfold,0.25,0.0,0.0,0.25,0.0,0.25,0.25,245.6,0.08751396493556772,0.07330551526617833,0.24589347934295666,0.12086919971240528,0.1870127205353686,0.15860553354792106,0.3982014269122283,0.1690884748789179,0.24730850063602677,0.2143869079589562,0.48453957192633157,0.1705672094621821,0.3254682263149162,0.2934268390571558,0.579817487970798,0.14461789325104407,0.5117098058735688,0.48721491668043404,0.7639024390243903,0.04819890435283878,0.5451570156517891,0.5220093917817936,0.7948432055749128,0.03374636858664317,0.592829157679332,0.5730900744827057,0.8282263149162103,0.007637105162341828,154.0,0.11547619047619048,0.0855397148676171,0.2727272727272727,0.14935064935064934,0.23225108225108224,0.1934826883910387,0.45454545454545453,0.20145330859616575,0.302056277056277,0.25865580448065173,0.538961038961039,0.19913935271078131,0.3770562770562771,0.3340122199592668,0.6428571428571429,0.15814445294964774,0.5795454545454546,0.5437881873727087,0.8376623376623377,0.051186461672915705,0.6183982683982684,0.5845213849287169,0.8701298701298701,0.03592119093008865,0.6835497835497836,0.6578411405295316,0.8961038961038961,0.008325847250986796
strict-candidate,train_kfold,0.25,0.0,0.0,0.0,0.0,0.25,0.5,245.6,0.08794933908522759,0.07378956560273087,0.24752613240418117,0.12154947182124883,0.18696958132846636,0.15860574471257918,0.3973817819810851,0.16905716339962235,0.24698197002378186,0.21388939552114525,0.48453957192633157,0.17024067884993718,0.32514235938277747,0.29294309773453975,0.5790011614401859,0.14440064862961827,0.5112613240418119,0.4864918699230799,0.763086112493778,0.04812836217343609,0.5440730048116807,0.5215124973718557,0.7940301974448316,0.03371448285011783,0.5945229246170013,0.57526514433155,0.8290393230462916,0.0076661156381499064,154.0,0.11547619047619048,0.0855397148676171,0.2727272727272727,0.14935064935064934,0.23354978354978356,0.1955193482688391,0.45454545454545453,0.20307668521954236,0.302056277056277,0.25865580448065173,0.538961038961039,0.19913935271078131,0.37922077922077924,0.3360488798370672,0.6428571428571429,0.15914345394864876,0.5782467532467532,0.5417515274949084,0.8376623376623377,0.050998244093393784,0.6189393939393939,0.5845213849287169,0.8701298701298701,0.03592240330994181,0.6835497835497836,0.6578411405295316,0.8961038961038961,0.008325847250986796
strict-candidate,train_kfold,0.25,0.0,0.0,0.5,0.0,0.25,0.0,245.6,0.0871887616835352,0.07282443588952761,0.24426746308279407,0.12032719429235109,0.18685011890935238,0.15836340279731573,0.3982014269122283,0.16888522284639756,0.2477421049720701,0.21486480521104703,0.4853525800564128,0.17093306312071868,0.32563016426082625,0.29365598009034105,0.579817487970798,0.14472585188165077,0.5115478679276588,0.4869659492968704,0.7639024390243903,0.048175435085315584,0.5456476964769648,0.5217905307253068,0.7932171893147503,0.03373156050281605,0.5922992091145401,0.5723441148399258,0.8282263149162103,0.007627412960809936,154.0,0.11677489177489178,0.08757637474541752,0.2792207792207792,0.15151515151515152,0.23354978354978356,0.1955193482688391,0.45454545454545453,0.20307668521954236,0.2944805194805195,0.2525458248472505,0.525974025974026,0.19403731189445475,0.3770562770562771,0.3340122199592668,0.6428571428571429,0.15814445294964774,0.5756493506493506,0.5356415478615071,0.8246753246753247,0.050428063286058825,0.611038961038961,0.5804480651731161,0.8636363636363636,0.03566414194986108,0.6579004329004329,0.6334012219959266,0.8896103896103896,0.0080165281643477
strict-candidate,train_kfold,0.25,0.0,0.0,0.0,0.25,0.5,0.0,245.6,0.08757336430507162,0.0711061353660262,0.23857972457275595,0.11970941872684034,0.18589657651678557,0.15884103883022624,0.3982014269122283,0.16881110400025284,0.24647641170289253,0.21486235442973983,0.48046457607433213,0.17066710385276837,0.3233097726895636,0.2909650841943352,0.5749361207897794,0.1434692842139333,0.5146477517836403,0.4905690448041516,0.7663414634146342,0.04853511926778209,0.5510380509927548,0.5264001936052256,0.7956528953044633,0.034029813131096306,0.5922992091145401,0.5723441148399258,0.8282263149162103,0.007627412960809936,154.0,0.11893939393939394,0.08961303462321792,0.2857142857142857,0.15476190476190477,0.22792207792207794,0.1894093686354379,0.44805194805194803,0.1971243042671614,0.3027056277056277,0.25661914460285135,0.538961038961039,0.198397237682952,0.37575757575757573,0.3319755600814664,0.6428571428571429,0.1572786520838469,0.5688311688311688,0.5376782077393075,0.8181818181818182,0.05060443887512914,0.617099567099567,0.5824847250509165,0.8701298701298701,0.0357975050921171,0.6579004329004329,0.6334012219959266,0.8896103896103896,0.0080165281643477
strict-candidate,train_kfold,0.25,0.0,0.0,0.0,0.0,0.75,0.0,245.6,0.08864448868978485,0.07231386821367318,0.24264808362369336,0.12139074166251866,0.18630667551573474,0.15832681664597348,0.3998340799734528,0.16877383520190886,0.24819484541784192,0.21510433953631053,0.48371329019412646,0.17114371834680447,0.3239328576959239,0.29145848746577663,0.576558818649411,0.1437345520471454,0.5158450860018805,0.49032936483485334,0.7671611083457773,0.04851407863905664,0.5472114374204966,0.5230028951776838,0.794843205574913,0.03381088518815213,0.5922992091145401,0.5723441148399258,0.8282263149162103,0.007627412960809936,154.0,0.12218614718614719,0.09164969450101833,0.2922077922077922,0.1590909090909091,0.229004329004329,0.1894093686354379,0.45454545454545453,0.19755720470006186,0.3016233766233766,0.25661914460285135,0.538961038961039,0.19816532673675533,0.37813852813852816,0.3319755600814664,0.6493506493506493,0.1572438384126696,0.5731601731601732,0.5417515274949084,0.8246753246753247,0.05099211090459221,0.6247835497835498,0.5926680244399185,0.8766233766233766,0.036419525235635165,0.6579004329004329,0.6334012219959266,0.8896103896103896,0.0080165281643477
strict-candidate,train_kfold,0.25,0.0,0.0,0.0,0.25,0.25,0.25,245.6,0.08759604004203307,0.0730766354521733,0.24508710801393727,0.12087085891267077,0.18540849510535923,0.1578793524607632,0.3965720922515348,0.16803801938894025,0.24670919750013826,0.21438790052138926,0.48209722913555664,0.17050511850113645,0.32446418892760354,0.2926713808354523,0.5781914717106356,0.14423641332949447,0.5148531607765057,0.48986357805312924,0.7671644267463082,0.04846389154335047,0.5495827111332338,0.526437828852461,0.7948465239754439,0.03402788098696881,0.5926658923732095,0.5728413182638001,0.8282263149162103,0.007633872185982969,154.0,0.11093073593073592,0.0814663951120163,0.2597402597402597,0.14285714285714285,0.2333333333333333,0.19144602851323828,0.44805194805194803,0.19993815708101423,0.30183982683982685,0.25661914460285135,0.538961038961039,0.19807256235827667,0.37575757575757573,0.3319755600814664,0.6428571428571429,0.1572786520838469,0.5811688311688312,0.5458248472505092,0.8311688311688312,0.05137744715801884,0.6158008658008658,0.5804480651731161,0.8701298701298701,0.03567381925414555,0.6835497835497836,0.6578411405295316,0.8961038961038961,0.008325847250986796
strict-candidate,train_kfold,0.25,0.0,0.0,0.25,0.25,0.25,0.0,245.6,0.08759537636192688,0.07308347208513158,0.24508378961340632,0.12086975277916046,0.1850003318400531,0.15764724046767606,0.39738510038161606,0.16771148877669534,0.24670919750013826,0.21438790052138926,0.48209722913555664,0.17050511850113645,0.3250610585697694,0.29339093645431,0.5790077982412477,0.14457873612477892,0.5158167136773408,0.49106447426781796,0.7679774348763896,0.04858296259125756,0.5504536806592555,0.5264333451515315,0.7964758586361373,0.03402916261992779,0.5922992091145401,0.5723441148399258,0.8282263149162103,0.007627412960809936,154.0,0.11677489177489178,0.08757637474541752,0.2792207792207792,0.15151515151515152,0.2268398268398268,0.1894093686354379,0.44155844155844154,0.19669140383426098,0.2994588744588745,0.2545824847250509,0.538961038961039,0.1965419501133787,0.3770562770562771,0.3340122199592668,0.6428571428571429,0.15814445294964774,0.5717532467532467,0.5376782077393075,0.8246753246753247,0.050604698245302476,0.6082251082251082,0.5743380855397149,0.8571428571428571,0.035294320587953565,0.6579004329004329,0.6334012219959266,0.8896103896103896,0.0080165281643477
strict-candidate,train_kfold,0.75,0.0,0.0,0.0,0.0,0.0,0.25,245.6,0.08817156130744981,0.07235007983045542,0.24265472042475525,0.12104065040650407,0.18490669763840498,0.15716172518485205,0.3957557657209225,0.16738540061785456,0.24484978706929925,0.21269058228060106,0.47965488634478176,0.1691141556119157,0.3209234002544107,0.2893047677068081,0.5700481168076987,0.14259215669569078,0.5107748465239754,0.4850462310663427,0.7606371329019412,0.047986968699386894,0.5437575908412146,0.5184747081909858,0.7899518831923013,0.033512985543218556,0.5946045572700625,0.5750369958607978,0.8290393230462916,0.007662901982366896,154.0,0.11093073593073592,0.0814663951120163,0.2597402597402597,0.14285714285714285,0.23658008658008656,0.1934826883910387,0.45454545454545453,0.20253555967841683,0.3002164502164502,0.2545824847250509,0.5324675324675324,0.19662956091527523,0.3692640692640693,0.329938900203666,0.6363636363636364,0.15609801453957298,0.5756493506493506,0.5356415478615071,0.8246753246753247,0.050428063286058825,0.604004329004329,0.5682281059063137,0.8441558441558441,0.034922073787135334,0.6822510822510822,0.6558044806517311,0.8961038961038961,0.00830013039358677
strict-candidate,train_kfold,0.25,0.0,0.0,0.0,0.25,0.0,0.5,245.6,0.0871465626901167,0.07283789799078602,0.24426746308279407,0.12027133455008018,0.18511277031137657,0.15688713517514125,0.3933167413306786,0.16721213270441743,0.24676876278966872,0.21341874176522765,0.48210054753608766,0.169942510027627,0.32175371937392844,0.2902597152925913,0.5733101045296167,0.1430536526136327,0.5082904153531331,0.48259789924872826,0.7581981085116973,0.047750706838437317,0.5420516564349317,0.5181840919833298,0.7915878546540567,0.03349698728211113,0.5949971793595487,0.5757557222871242,0.829852331176373,0.0076725744975884485,154.0,0.11309523809523811,0.0835030549898167,0.2662337662337662,0.1461038961038961,0.2367965367965368,0.1955193482688391,0.45454545454545453,0.203726035868893,0.3031385281385281,0.25865580448065173,0.5324675324675324,0.19937126365697797,0.38051948051948054,0.3380855397148676,0.6428571428571429,0.16000925481444964,0.5788961038961039,0.5376782077393075,0.8246753246753247,0.050624836210104475,0.6111471861471861,0.5763747454175153,0.8571428571428571,0.03542045495778541,0.6835497835497836,0.6578411405295316,0.8961038961038961,0.008325847250986796
strict-candidate,train_kfold,0.75,0.0,0.0,0.25,0.0,0.0,0.0,245.6,0.08844367015098722,0.0725853739481025,0.2434710469553675,0.1214488136718102,0.1847440960123887,0.15691959443424672,0.3957557657209225,0.16718214858533426,0.24501238869531555,0.21293271303120637,0.47965488634478176,0.16927675723793195,0.32108666556053317,0.28955352392571354,0.5700481168076987,0.14270100023310578,0.5105722581715613,0.48480044580733905,0.7606371329019412,0.04796315288108362,0.5448581383773021,0.5194398379041891,0.7907648913223826,0.03357536281687571,0.5922992091145401,0.5723441148399258,0.8282263149162103,0.007627412960809936,154.0,0.11331168831168831,0.0835030549898167,0.2662337662337662,0.1461038961038961,0.23658008658008656,0.1934826883910387,0.45454545454545453,0.20253555967841683,0.29350649350649355,0.2484725050916497,0.5194805194805194,0.191852195423624,0.3692640692640693,0.329938900203666,0.6363636363636364,0.15609801453957298,0.5743506493506494,0.5336048879837068,0.8246753246753247,0.0502398457065369,0.6007575757575757,0.5661914460285132,0.8441558441558441,0.03479475013039991,0.6579004329004329,0.6334012219959266,0.8896103896103896,0.0080165281643477
strict-candidate,train_kfold,0.5,0.0,0.0,0.25,0.25,0.0,0.0,245.6,0.08912117692605498,0.07307595190367676,0.24509706321553013,0.12239732315690503,0.18460627177700348,0.15693008557560334,0.39493943919031027,0.1671257910829837,0.24548857917150602,0.21341676336775892,0.480471212875394,0.16966224476627662,0.3211408661025386,0.2897861560973954,0.57086112493778,0.1427927242272688,0.5115764614789005,0.4859870985229945,0.7614534594325535,0.048082570479770784,0.5463096620762127,0.5206436072295013,0.7932072341131574,0.033654217761830064,0.5922992091145401,0.5723441148399258,0.8282263149162103,0.007627412960809936,154.0,0.11417748917748917,0.0835030549898167,0.2662337662337662,0.1471861471861472,0.23658008658008656,0.1934826883910387,0.45454545454545453,0.20253555967841683,0.2972943722943723,0.2525458248472505,0.525974025974026,0.19491857349000208,0.3692640692640693,0.329938900203666,0.6363636363636364,0.15609801453957298,0.5756493506493506,0.5356415478615071,0.8246753246753247,0.050428063286058825,0.6020562770562771,0.5682281059063137,0.8506493506493507,0.034918435968371464,0.6579004329004329,0.6334012219959266,0.8896103896103896,0.0080165281643477
strict-candidate,train_kfold,0.5,0.0,0.0,0.0,0.25,0.0,0.25,245.6,0.08857806537249045,0.07259221058106076,0.24346772855483656,0.12158265582655828,0.18449787069299264,0.15693326770016328,0.39493943919031027,0.16705804040547695,0.24532597754548974,0.2131746326171536,0.480471212875394,0.16949964314026036,0.32084209944140263,0.2895373998784899,0.57086112493778,0.14267345750869892,0.5118077539959073,0.4862493168431583,0.7614534594325535,0.0481065904706354,0.5460921962280847,0.5206369817612011,0.7940202422432387,0.033653553161224425,0.5930324097118522,0.5733155610074927,0.8282263149162103,0.007640331385080247,154.0,0.11093073593073592,0.0814663951120163,0.2597402597402597,0.14285714285714285,0.23658008658008656,0.1934826883910387,0.45454545454545453,0.20253555967841683,0.30183982683982685,0.25661914460285135,0.538961038961039,0.19807256235827667,0.3692640692640693,0.329938900203666,0.6363636363636364,0.15609801453957298,0.5691558441558442,0.5336048879837068,0.8181818181818182,0.05022826308625863,0.6066017316017316,0.5723014256619144,0.8506493506493507,0.03516944546307844,0.6835497835497836,0.6578411405295316,0.8961038961038961,0.008325847250986796
strict-candidate,train_kfold,0.25,0.0,0.0,0.5,0.25,0.0,0.0,245.6,0.08614208284939992,0.07187276827758277,0.241008793761407,0.11877805431115536,0.18485658979038772,0.15666509199409445,0.3933167413306786,0.16698494078235243,0.24652353299043192,0.21340549082862736,0.48046789447486316,0.1698714962562648,0.3231629334660694,0.29096706259180394,0.5765621370499419,0.14343912080397897,0.5096596427188762,0.48356668347032994,0.7581981085116973,0.04784687191344868,0.5422774735910625,0.5186457673389185,0.7907648913223826,0.033527696008506795,0.5922992091145401,0.5723441148399258,0.8282263149162103,0.007627412960809936,154.0,0.11677489177489178,0.08757637474541752,0.2792207792207792,0.15151515151515152,0.23225108225108224,0.1934826883910387,0.45454545454545453,0.20145330859616575,0.29339826839826844,0.2525458248472505,0.5194805194805194,0.1938054009482581,0.3770562770562771,0.3340122199592668,0.6428571428571429,0.15814445294964774,0.5756493506493506,0.5356415478615071,0.8246753246753247,0.050428063286058825,0.6024891774891775,0.570264765784114,0.8571428571428571,0.03503972013958629,0.6579004329004329,0.6334012219959266,0.8896103896103896,0.0080165281643477
strict-candidate,train_kfold,0.25,0.0,0.0,0.25,0.0,0.0,0.5,245.6,0.08626403406891212,0.07234116695075002,0.2426348100215696,0.11910325756318789,0.1848825839278801,0.15664979713940194,0.3941297494607599,0.16697028451334076,0.2468215253581107,0.21264602128983284,0.4829135556661689,0.1695197932057066,0.3231895359769924,0.2914620764535515,0.5757424921187988,0.14365987090725768,0.502223383662408,0.47702095168190023,0.7582047453127593,0.047197135508226004,0.5320761019855096,0.5082644447768566,0.7818118466898956,0.032855771999403253,0.5949988385598142,0.5757663112777592,0.8290393230462916,0.007672587718307695,154.0,0.11547619047619048,0.0855397148676171,0.2727272727272727,0.14935064935064934,0.23354978354978356,0.1955193482688391,0.45454545454545453,0.20307668521954236,0.3011904761904762,0.25865580448065173,0.538961038961039,0.19881467738610598,0.38051948051948054,0.3380855397148676,0.6428571428571429,0.16000925481444964,0.5798701298701299,0.539714867617108,0.8311688311688312,0.050810285884045195,0.6133116883116884,0.5784114052953157,0.8636363636363636,0.035546542462513694,0.6835497835497836,0.6578411405295316,0.8961038961038961,0.008325847250986796
strict-candidate,train_kfold,0.25,0.0,0.0,0.75,0.0,0.0,0.0,245.6,0.08653503677893923,0.07258961415571896,0.2434478181516509,0.11950976162822853,0.18482838338587468,0.15641716496772015,0.3941297494607599,0.1668347831583272,0.2473641944582711,0.2131337261347837,0.48453957192633157,0.16992696095085344,0.3227830319119518,0.2912136292485826,0.5773718267794923,0.14352436955224412,0.5014787898899397,0.4763115604645954,0.7582047453127593,0.0471247818911119,0.5345415629666501,0.5099526389732814,0.7842508710801394,0.03296623261267641,0.5922992091145401,0.5723441148399258,0.8282263149162103,0.007627412960809936,154.0,0.11677489177489178,0.08757637474541752,0.2792207792207792,0.15151515151515152,0.2313852813852814,0.1934826883910387,0.44805194805194803,0.2009121830550402,0.29123376623376623,0.2505091649694501,0.5194805194805194,0.1921820243248815,0.37294372294372297,0.3319755600814664,0.6298701298701299,0.15692900173419655,0.5743506493506494,0.5336048879837068,0.8311688311688312,0.0502398457065369,0.5992424242424242,0.5682281059063137,0.8571428571428571,0.03491239648285087,0.6579004329004329,0.6334012219959266,0.8896103896103896,0.0080165281643477
strict-candidate,train_kfold,0.25,0.0,0.0,0.5,0.0,0.0,0.25,245.6,0.08653503677893923,0.07258961415571896,0.2434478181516509,0.11950976162822853,0.18482838338587468,0.15641716496772015,0.3941297494607599,0.1668347831583272,0.24665892373209447,0.2124038905392275,0.4829135556661689,0.16935719157969037,0.3231088988440905,0.2917013340935334,0.5773718267794923,0.1437416141736699,0.5014381394834356,0.47652358488812396,0.7582047453127593,0.04714762273798118,0.5316249654333278,0.5085036045675602,0.7818085282893645,0.032870664550856535,0.5926658923732095,0.5728547803650585,0.8282263149162103,0.007633872185982969,154.0,0.11547619047619048,0.0855397148676171,0.2727272727272727,0.14935064935064934,0.2313852813852814,0.1934826883910387,0.44805194805194803,0.2009121830550402,0.29123376623376623,0.2505091649694501,0.5194805194805194,0.1921820243248815,0.3774891774891775,0.3360488798370672,0.6363636363636364,0.1588770536822485,0.5756493506493506,0.5356415478615071,0.8311688311688312,0.050428063286058825,0.6046536796536797,0.5723014256619144,0.8636363636363636,0.03516580764431457,0.6835497835497836,0.6578411405295316,0.8961038961038961,0.008325847250986796
strict-candidate,train_kfold,0.5,0.0,0.0,0.0,0.0,0.5,0.0,245.6,0.08631165311653116,0.0711064443799627,0.23858304297328686,0.1186790553619822,0.18406509595708204,0.1566613396364177,0.3957557657209225,0.16674733540338318,0.2454168464133621,0.21362999151837866,0.47964824954372,0.1697817545911125,0.3218059288756153,0.29000563518175526,0.5716807698689232,0.14297727834910515,0.512464244234279,0.4883497407043428,0.7639024390243903,0.048318602040446676,0.5497585863613738,0.5252081779415873,0.7932072341131574,0.03395107036453657,0.5922992091145401,0.5723441148399258,0.8282263149162103,0.007627412960809936,154.0,0.11872294372294373,0.08757637474541752,0.2792207792207792,0.1536796536796537,0.23441558441558444,0.19144602851323828,0.45454545454545453,0.20037105751391465,0.29924242424242425,0.2525458248472505,0.5324675324675324,0.19547515976087407,0.3692640692640693,0.329938900203666,0.6363636363636364,0.15609801453957298,0.5733766233766233,0.539714867617108,0.8181818181818182,0.05079568373040561,0.614935064935065,0.5804480651731161,0.8636363636363636,0.035671417587388815,0.6579004329004329,0.6334012219959266,0.8896103896103896,0.0080165281643477
strict-candidate,train_kfold,0.5,0.0,0.0,0.25,0.0,0.0,0.25,245.6,0.08682301863834965,0.07260239270848085,0.24345777335324376,0.12000254410707371,0.1844734251424147,0.15641654693984713,0.3933134229301477,0.1666659160760704,0.24559875006913337,0.21340309010184239,0.48128753940600627,0.16970438845301963,0.32062264255295614,0.28904254938664425,0.5716741330678613,0.14247266875041886,0.5096642884796194,0.4835635991950483,0.7582014269122282,0.04784609620154186,0.5401312427409988,0.5143189327870827,0.7875029036004646,0.0332481081511294,0.5928691444057298,0.573093728991104,0.8282263149162103,0.007637098408721387,154.0,0.11417748917748917,0.0835030549898167,0.2662337662337662,0.1471861471861472,0.2333333333333333,0.19144602851323828,0.44805194805194803,0.19993815708101423,0.2985930735930736,0.2545824847250509,0.5324675324675324,0.19621727478870338,0.37575757575757573,0.3319755600814664,0.6428571428571429,0.1572786520838469,0.573051948051948,0.5315682281059063,0.8246753246753247,0.05005162812701497,0.6079004329004328,0.5743380855397149,0.8506493506493507,0.03529313130104999,0.6822510822510822,0.6558044806517311,0.8961038961038961,0.00830013039358677
strict-candidate,train_kfold,0.25,0.25,0.25,0.0,0.25,0.0,0.0,245.6,0.08991056910569106,0.0732445448042009,0.24592002654720427,0.12291565731983851,0.18544433383109343,0.1562071911896812,0.4071378795420607,0.1666064139941691,0.23779182567335874,0.20676062276877455,0.4845262983242077,0.16438318308353153,0.3174244234279077,0.2875235183238605,0.574126431060229,0.14162144111073927,0.4987095846468669,0.47197246979835833,0.7484353741496599,0.046699639342148214,0.5327484099330789,0.5077361491908697,0.7834478181516509,0.03282527074025804,0.5924624744206626,0.5725928710588313,0.8282263149162103,0.007630645937168797,154.0,0.12640692640692638,0.09164969450101833,0.2922077922077922,0.16385281385281386,0.24080086580086582,0.1975560081466395,0.4805194805194805,0.20652442795299938,0.3091991341991342,0.2708757637474542,0.564935064935065,0.20612760255617402,0.39761904761904765,0.3543788187372709,0.6688311688311688,0.1672933127478582,0.5843073593073593,0.5498981670061099,0.8506493506493507,0.0517567328466911,0.6172077922077922,0.5865580448065173,0.8701298701298701,0.036040026569443176,0.6848484848484848,0.659877800407332,0.8961038961038961,0.008351564108386823
strict-candidate,train_kfold,0.25,0.25,0.25,0.0,0.0,0.0,0.25,245.6,0.09092682926829268,0.0737477556685024,0.24754604280736686,0.12405386870195234,0.18544267463082795,0.15620056572138105,0.4071345611415298,0.16660508663395673,0.23674404070571317,0.20604476945307137,0.4845229799236768,0.16379601054513948,0.31582362701178035,0.28630675928112836,0.571684088269454,0.14102866648312143,0.49787058237929316,0.47122660800485683,0.7484386925501908,0.04662726743642677,0.531989602345003,0.5067716375055396,0.7834478181516509,0.03276302656719217,0.5924624744206626,0.5725928710588313,0.8282263149162103,0.007630645937168797,154.0,0.12478354978354977,0.08961303462321792,0.2857142857142857,0.16125541125541124,0.24080086580086582,0.1975560081466395,0.4805194805194805,0.20652442795299938,0.30757575757575756,0.26883910386965376,0.5584415584415584,0.20468460111317255,0.39935064935064934,0.35845213849287166,0.6753246753246753,0.16889171434625982,0.5856060606060607,0.5519348268839104,0.8506493506493507,0.05194495042621303,0.6172077922077922,0.5865580448065173,0.8701298701298701,0.036040026569443176,0.6848484848484848,0.659877800407332,0.8961038961038961,0.008351564108386823
strict-candidate,train_kfold,0.25,0.0,0.0,0.25,0.5,0.0,0.0,245.6,0.08672927382335047,0.07235660744947717,0.24264808362369336,0.11981450141032021,0.18455406227531662,0.1561907514011236,0.39331010452961673,0.1665837856629295,0.24565184447762847,0.213652057485406,0.48128753940600627,0.16982551007239907,0.3205142414689453,0.2890393672620843,0.5716741330678613,0.14245599166057105,0.5129091311321277,0.48743262406435184,0.7622697859631657,0.048226225972254025,0.5459837951440739,0.520140039556507,0.7932072341131574,0.03362318281591209,0.5922992091145401,0.5723441148399258,0.8282263149162103,0.007627412960809936,154.0,0.11417748917748917,0.0835030549898167,0.2662337662337662,0.1471861471861472,0.2333333333333333,0.19144602851323828,0.44805194805194803,0.19993815708101423,0.29534632034632036,0.2525458248472505,0.525974025974026,0.1943619872191301,0.37575757575757573,0.3319755600814664,0.6428571428571429,0.1572786520838469,0.5756493506493506,0.5356415478615071,0.8246753246753247,0.050428063286058825,0.6023809523809524,0.5682281059063137,0.8571428571428571,0.03491962525527504,0.6579004329004329,0.6334012219959266,0.8896103896103896,0.0080165281643477
strict-candidate,train_kfold,0.25,0.0,0.0,0.0,0.5,0.25,0.0,245.6,0.08819606216470328,0.07280397378540904,0.24427741828438693,0.12144472097782202,0.18386101432442897,0.15642604551877065,0.394126431060229,0.16651409925177968,0.2462854377523367,0.2143796056695569,0.48046457607433213,0.17036913782160173,0.32153492616558815,0.2897801486569683,0.570864443338311,0.14285220017524647,0.5138288811459544,0.4876846779829629,0.7655251368840219,0.048251844495793485,0.5478871743819479,0.523297126837686,0.7923975443836071,0.0338255973224582,0.5922992091145401,0.5723441148399258,0.8282263149162103,0.007627412960809936,154.0,0.11417748917748917,0.0835030549898167,0.2662337662337662,0.1471861471861472,0.23441558441558444,0.19144602851323828,0.45454545454545453,0.20037105751391465,0.29707792207792205,0.2505091649694501,0.525974025974026,0.19385178313749743,0.3692640692640693,0.329938900203666,0.6363636363636364,0.15609801453957298,0.5691558441558442,0.5336048879837068,0.8116883116883117,0.05022826308625863,0.6103896103896104,0.5763747454175153,0.8636363636363636,0.03542040809268184,0.6579004329004329,0.6334012219959266,0.8896103896103896,0.0080165281643477
strict-candidate,train_kfold,0.25,0.0,0.0,0.0,0.0,0.0,0.75,245.6,0.08626403406891212,0.07234116695075002,0.2426348100215696,0.11910325756318789,0.18444720977822024,0.15617920890410783,0.39249709639953545,0.1664940940371503,0.24625241966705383,0.2121586254588185,0.48210054753608755,0.16912490354252427,0.3229469608981804,0.2914547674367548,0.576558818649411,0.1436336555430632,0.5010550854488136,0.47581734572649,0.7582047453127593,0.0470772407110435,0.5316269564736464,0.5075244925745038,0.7826248548199768,0.03280927367167048,0.5991888169902106,0.5791719112845307,0.8322913555666169,0.007717813966158444,154.0,0.11764069264069264,0.08757637474541752,0.2792207792207792,0.1525974025974026,0.24112554112554113,0.1975560081466395,0.4675324675324675,0.20675633889919606,0.3033549783549784,0.2606924643584521,0.5454545454545454,0.2004380540094826,0.3818181818181818,0.34012219959266804,0.6428571428571429,0.16087505568025048,0.5827922077922078,0.5417515274949084,0.8376623376623377,0.051004290902509644,0.6103896103896104,0.5743380855397149,0.8571428571428571,0.035297981499667015,0.6835497835497836,0.6578411405295316,0.8961038961038961,0.008325847250986796
strict-candidate,train_kfold,0.5,0.0,0.0,0.25,0.0,0.25,0.0,245.6,0.08687987390077982,0.07185256739264448,0.24102206736353077,0.11959935844256402,0.18376450417565401,0.15642651790260906,0.394126431060229,0.16648760735420765,0.24596283391405344,0.21389466061984974,0.48046789447486316,0.17004616527214836,0.322551850008296,0.2912291830626894,0.5733067861290857,0.14351079206728784,0.5128972955035673,0.4886465099964606,0.7647187655550025,0.048342177306805144,0.548850727282783,0.5240127189342088,0.7940235606437697,0.03387273549345704,0.5922992091145401,0.5723441148399258,0.8282263149162103,0.007627412960809936,154.0,0.11547619047619048,0.0855397148676171,0.2727272727272727,0.14935064935064934,0.23658008658008656,0.1934826883910387,0.45454545454545453,0.20253555967841683,0.2994588744588745,0.2545824847250509,0.538961038961039,0.1965419501133787,0.37575757575757573,0.3319755600814664,0.6428571428571429,0.1572786520838469,0.5704545454545454,0.5356415478615071,0.8181818181818182,0.050416480665780555,0.6082251082251082,0.5743380855397149,0.8571428571428571,0.035294320587953565,0.6579004329004329,0.6334012219959266,0.8896103896103896,0.0080165281643477
strict-candidate,train_kfold,0.25,0.0,0.0,0.25,0.25,0.0,0.25,245.6,0.08614208284939992,0.07187276827758277,0.241008793761407,0.11877805431115536,0.1843803993141972,0.15617076168084346,0.3916874066699851,0.16647959578721153,0.24652419667053813,0.2134121162969275,0.4812842210054754,0.169872159936371,0.32191632099994466,0.29050816249756023,0.5733101045296167,0.14316205369764354,0.508560754383054,0.4828270402819136,0.7590111166417787,0.04777487955232009,0.5429166528399978,0.518678844625897,0.7915812178529948,0.03352814275573646,0.592829157679332,0.5730900744827057,0.8282263149162103,0.007637105162341828,154.0,0.11547619047619048,0.0855397148676171,0.2727272727272727,0.14935064935064934,0.23549783549783548,0.1934826883910387,0.45454545454545453,0.20210265924551638,0.2944805194805195,0.2525458248472505,0.525974025974026,0.19403731189445475,0.37922077922077924,0.3360488798370672,0.6428571428571429,0.15914345394864876,0.5743506493506494,0.5336048879837068,0.8246753246753247,0.0502398457065369,0.6024891774891775,0.570264765784114,0.8506493506493507,0.03503972013958629,0.6835497835497836,0.6578411405295316,0.8961038961038961,0.008325847250986796
strict-candidate,train_kfold,0.5,0.0,0.0,0.5,0.0,0.0,0.0,245.6,0.08653912947292738,0.07259555607552257,0.24346109175377467,0.11967844698855153,0.18431082351639844,0.1561744161892418,0.3933134229301477,0.16646266404355006,0.24559875006913337,0.21340309010184239,0.48128753940600627,0.16970438845301963,0.32078524417897236,0.2892814980126896,0.5724871411979426,0.1425810698344297,0.5096243017532216,0.48356709033354484,0.7582014269122282,0.04784584583628441,0.53948149991704,0.5142962811208374,0.7866932138709142,0.03324755805701027,0.5922992091145401,0.5723441148399258,0.8282263149162103,0.007627412960809936,154.0,0.11677489177489178,0.08757637474541752,0.2792207792207792,0.15151515151515152,0.2333333333333333,0.19144602851323828,0.44805194805194803,0.19993815708101423,0.29534632034632036,0.2525458248472505,0.525974025974026,0.1943619872191301,0.3770562770562771,0.3340122199592668,0.6428571428571429,0.15814445294964774,0.5756493506493506,0.5356415478615071,0.8246753246753247,0.050428063286058825,0.6007575757575757,0.5661914460285132,0.8571428571428571,0.03479475013039991,0.6579004329004329,0.6334012219959266,0.8896103896103896,0.0080165281643477
strict-candidate,train_kfold,0.5,0.0,0.0,0.0,0.0,0.25,0.25,245.6,0.08728637796582048,0.07209469814324981,0.2418350754936121,0.12014136386261823,0.18365610309164318,0.15642020144824545,0.3933134229301477,0.16641985667670087,0.24623494275759086,0.21412995473749677,0.4812842210054754,0.17025024690480142,0.322551850008296,0.2912291830626894,0.5733067861290857,0.14351079206728784,0.5131953984845972,0.4888719965212475,0.7655317736850838,0.04836611047044803,0.5481425806094796,0.5237905779038836,0.7940235606437697,0.033856809327854426,0.5928691444057298,0.5730802668898456,0.8282263149162103,0.007637098408721387,154.0,0.11093073593073592,0.0814663951120163,0.2597402597402597,0.14285714285714285,0.23658008658008656,0.1934826883910387,0.45454545454545453,0.20253555967841683,0.3027056277056277,0.25661914460285135,0.538961038961039,0.198397237682952,0.3692640692640693,0.329938900203666,0.6363636363636364,0.15609801453957298,0.5737012987012987,0.5376782077393075,0.8246753246753247,0.050613253589826206,0.6133116883116884,0.5784114052953157,0.8571428571428571,0.035546542462513694,0.6822510822510822,0.6558044806517311,0.8961038961038961,0.00830013039358677
strict-candidate,train_kfold,0.75,0.0,0.0,0.0,0.0,0.25,0.0,245.6,0.08670427520601737,0.0718394143053226,0.2410253857640617,0.11941076267905537,0.18383391405342625,0.15618391476816534,0.39493943919031027,0.16636504776126476,0.24449350146562687,0.21316633776532123,0.47883524141363865,0.16932467125448708,0.32049156573198384,0.28882430635803047,0.570864443338311,0.1423670755437804,0.5121606658923732,0.4867198572836962,0.7630827940932471,0.04815357368408353,0.5471698468005088,0.522796221110657,0.7899518831923013,0.03379372176963592,0.5922992091145401,0.5723441148399258,0.8282263149162103,0.007627412960809936,154.0,0.11547619047619048,0.0855397148676171,0.2727272727272727,0.14935064935064934,0.2331168831168831,0.1894093686354379,0.45454545454545453,0.19874768089053804,0.29707792207792205,0.2505091649694501,0.525974025974026,0.19385178313749743,0.3692640692640693,0.329938900203666,0.6363636363636364,0.15609801453957298,0.5637445887445888,0.5295315682281059,0.8116883116883117,0.04983765414748143,0.6066017316017316,0.5723014256619144,0.8441558441558441,0.03516944546307844,0.6579004329004329,0.6334012219959266,0.8896103896103896,0.0080165281643477
strict-candidate,train_kfold,0.5,0.0,0.0,0.0,0.25,0.25,0.0,245.6,0.08711144295116421,0.07209766910315162,0.24184171229467397,0.11995387423261987,0.1836984126984127,0.1561775983138017,0.394126431060229,0.16631084721925934,0.244764504175654,0.21340528639136663,0.4796482495437199,0.16952792328700744,0.32049156573198384,0.28882430635803047,0.570864443338311,0.1423670755437804,0.5138277750124439,0.4876843689690264,0.7647088103534097,0.048251745439061224,0.5469249488413251,0.5227827590093985,0.78913887506222,0.03379326444384847,0.5922992091145401,0.5723441148399258,0.8282263149162103,0.007627412960809936,154.0,0.10876623376623376,0.07942973523421588,0.2532467532467532,0.1396103896103896,0.2331168831168831,0.1894093686354379,0.45454545454545453,0.19874768089053804,0.29707792207792205,0.2505091649694501,0.525974025974026,0.19385178313749743,0.3692640692640693,0.329938900203666,0.6363636363636364,0.15609801453957298,0.5691558441558442,0.5336048879837068,0.8116883116883117,0.05022826308625863,0.6082251082251082,0.5743380855397149,0.8506493506493507,0.035294320587953565,0.6579004329004329,0.6334012219959266,0.8896103896103896,0.0080165281643477
strict-candidate,train_kfold,0.0,0.0,0.0,0.0,1.0,0.0,0.0,245.6,0.08742436812123223,0.07206124632171125,0.24184171229467397,0.12030761572921851,0.18372783584978708,0.15595826487347647,0.3941297494607599,0.16616008122180345,0.2450355068856811,0.213647417141972,0.47964824954372,0.16973117531952775,0.3196225872462806,0.2878623587693871,0.5676057740169238,0.14189916405147865,0.5103406338145015,0.484116792791327,0.7598307615729218,0.047891779720789854,0.5430547536087607,0.5170126362730885,0.7907648913223826,0.033419950708456304,0.5922992091145401,0.5723441148399258,0.8282263149162103,0.007627412960809936,154.0,0.10876623376623376,0.07942973523421588,0.2532467532467532,0.1396103896103896,0.2331168831168831,0.1894093686354379,0.45454545454545453,0.19874768089053804,0.2941558441558441,0.24643584521384929,0.512987012987013,0.1911100803957947,0.3692640692640693,0.329938900203666,0.6363636363636364,0.15609801453957298,0.5637445887445888,0.5295315682281059,0.8116883116883117,0.04983765414748143,0.604004329004329,0.5682281059063137,0.8441558441558441,0.034922073787135334,0.6579004329004329,0.6334012219959266,0.8896103896103896,0.0080165281643477
strict-candidate,train_kfold,0.25,0.0,0.0,0.0,0.75,0.0,0.0,245.6,0.08742436812123223,0.07206124632171125,0.24184171229467397,0.12030761572921851,0.18372783584978708,0.15595826487347647,0.3941297494607599,0.16616008122180345,0.2450355068856811,0.213647417141972,0.47964824954372,0.16973117531952775,0.3196225872462806,0.2878623587693871,0.5676057740169238,0.14189916405147865,0.5103406338145015,0.484116792791327,0.7598307615729218,0.047891779720789854,0.5430547536087607,0.5170126362730885,0.7907648913223826,0.033419950708456304,0.5922992091145401,0.5723441148399258,0.8282263149162103,0.007627412960809936,154.0,0.10876623376623376,0.07942973523421588,0.2532467532467532,0.1396103896103896,0.2331168831168831,0.1894093686354379,0.45454545454545453,0.19874768089053804,0.2941558441558441,0.24643584521384929,0.512987012987013,0.1911100803957947,0.3692640692640693,0.329938900203666,0.6363636363636364,0.15609801453957298,0.5637445887445888,0.5295315682281059,0.8116883116883117,0.04983765414748143,0.604004329004329,0.5682281059063137,0.8441558441558441,0.034922073787135334,0.6579004329004329,0.6334012219959266,0.8896103896103896,0.0080165281643477
strict-candidate,train_kfold,0.5,0.0,0.0,0.0,0.5,0.0,0.0,245.6,0.08742436812123223,0.07206124632171125,0.24184171229467397,0.12030761572921851,0.18372783584978708,0.15595826487347647,0.3941297494607599,0.16616008122180345,0.2450355068856811,0.213647417141972,0.47964824954372,0.16973117531952775,0.3196225872462806,0.2878623587693871,0.5676057740169238,0.14189916405147865,0.5103406338145015,0.484116792791327,0.7598307615729218,0.047891779720789854,0.5430547536087607,0.5170126362730885,0.7907648913223826,0.033419950708456304,0.5922992091145401,0.5723441148399258,0.8282263149162103,0.007627412960809936,154.0,0.10876623376623376,0.07942973523421588,0.2532467532467532,0.1396103896103896,0.2331168831168831,0.1894093686354379,0.45454545454545453,0.19874768089053804,0.2941558441558441,0.24643584521384929,0.512987012987013,0.1911100803957947,0.3692640692640693,0.329938900203666,0.6363636363636364,0.15609801453957298,0.5637445887445888,0.5295315682281059,0.8116883116883117,0.04983765414748143,0.604004329004329,0.5682281059063137,0.8441558441558441,0.034922073787135334,0.6579004329004329,0.6334012219959266,0.8896103896103896,0.0080165281643477
strict-candidate,train_kfold,0.75,0.0,0.0,0.0,0.25,0.0,0.0,245.6,0.08742436812123223,0.07206124632171125,0.24184171229467397,0.12030761572921851,0.18372783584978708,0.15595826487347647,0.3941297494607599,0.16616008122180345,0.2450355068856811,0.213647417141972,0.47964824954372,0.16973117531952775,0.3196225872462806,0.2878623587693871,0.5676057740169238,0.14189916405147865,0.5103406338145015,0.484116792791327,0.7598307615729218,0.047891779720789854,0.5430547536087607,0.5170126362730885,0.7907648913223826,0.033419950708456304,0.5922992091145401,0.5723441148399258,0.8282263149162103,0.007627412960809936,154.0,0.10876623376623376,0.07942973523421588,0.2532467532467532,0.1396103896103896,0.2331168831168831,0.1894093686354379,0.45454545454545453,0.19874768089053804,0.2941558441558441,0.24643584521384929,0.512987012987013,0.1911100803957947,0.3692640692640693,0.329938900203666,0.6363636363636364,0.15609801453957298,0.5637445887445888,0.5295315682281059,0.8116883116883117,0.04983765414748143,0.604004329004329,0.5682281059063137,0.8441558441558441,0.034922073787135334,0.6579004329004329,0.6334012219959266,0.8896103896103896,0.0080165281643477
strict-candidate,train_kfold,1.0,0.0,0.0,0.0,0.0,0.0,0.0,245.6,0.08742436812123223,0.07206124632171125,0.24184171229467397,0.12030761572921851,0.18372783584978708,0.15595826487347647,0.3941297494607599,0.16616008122180345,0.2450355068856811,0.213647417141972,0.47964824954372,0.16973117531952775,0.3196225872462806,0.2878623587693871,0.5676057740169238,0.14189916405147865,0.5103406338145015,0.484116792791327,0.7598307615729218,0.047891779720789854,0.5430547536087607,0.5170126362730885,0.7907648913223826,0.033419950708456304,0.5922992091145401,0.5723441148399258,0.8282263149162103,0.007627412960809936,154.0,0.10876623376623376,0.07942973523421588,0.2532467532467532,0.1396103896103896,0.2331168831168831,0.1894093686354379,0.45454545454545453,0.19874768089053804,0.2941558441558441,0.24643584521384929,0.512987012987013,0.1911100803957947,0.3692640692640693,0.329938900203666,0.6363636363636364,0.15609801453957298,0.5637445887445888,0.5295315682281059,0.8116883116883117,0.04983765414748143,0.604004329004329,0.5682281059063137,0.8441558441558441,0.034922073787135334,0.6579004329004329,0.6334012219959266,0.8896103896103896,0.0080165281643477
strict-candidate,train_kfold,0.5,0.0,0.0,0.0,0.0,0.0,0.5,245.6,0.08682301863834965,0.07260239270848085,0.24345777335324376,0.12000254410707371,0.1839026602510923,0.1559256599703363,0.39250041480006637,0.16613613343130518,0.24586975277916046,0.2136452208524477,0.48210054753608766,0.16990764048553994,0.32062264255295614,0.28904254938664425,0.5716741330678613,0.14247266875041886,0.5086060505503014,0.4823698008324982,0.7565720922515348,0.04772700540831078,0.5402138709142192,0.5150411503519057,0.7883192301310767,0.03329453433881219,0.5960980587356894,0.5769858956363586,0.829852331176373,0.007688725740516443,154.0,0.11093073593073592,0.0814663951120163,0.2597402597402597,0.14285714285714285,0.2333333333333333,0.19144602851323828,0.44805194805194803,0.19993815708101423,0.304004329004329,0.25865580448065173,0.538961038961039,0.1996959389816533,0.37142857142857144,0.3319755600814664,0.6363636363636364,0.15709701553857397,0.5788961038961039,0.5376782077393075,0.8246753246753247,0.050624836210104475,0.6072510822510823,0.570264765784114,0.8506493506493507,0.035049397443870756,0.6835497835497836,0.6578411405295316,0.8961038961038961,0.008325847250986796
strict-candidate,train_kfold,0.5,0.25,0.25,0.0,0.0,0.0,0.0,245.6,0.08926867982965545,0.07256819854521965,0.24346441015430562,0.12193330014932804,0.18469824677838614,0.15591152104797873,0.4030595652895304,0.16608254126273042,0.24784939992257066,0.21441541031093098,0.5008163265306123,0.1705940068632951,0.3256511807975223,0.29405292589887816,0.583082794093247,0.14488123490910948,0.5041777556551075,0.4774861682305076,0.7533134229301477,0.04724962924510948,0.5365333775786738,0.5108440829326029,0.7875128588020575,0.03302963904035698,0.5924624744206626,0.5725928710588313,0.8282263149162103,0.007630645937168797,154.0,0.12153679653679653,0.08757637474541752,0.2792207792207792,0.15692640692640694,0.24751082251082251,0.20570264765784113,0.5,0.21402288188002475,0.3114718614718615,0.2729124236252546,0.5714285714285714,0.20850340136054424,0.41049783549783553,0.3645621181262729,0.6623376623376623,0.1725570965830706,0.5843073593073593,0.5498981670061099,0.8506493506493507,0.0517567328466911,0.6253246753246753,0.5885947046843177,0.8766233766233766,0.0361710593883036,0.6848484848484848,0.659877800407332,0.8961038961038961,0.008351564108386823
strict-candidate,train_kfold,0.25,0.25,0.25,0.0,0.0,0.25,0.0,245.6,0.09027642276422763,0.07374143921413878,0.24754604280736686,0.12351186328189812,0.1848745644599303,0.15573294844598876,0.40550854488136717,0.16607712910948352,0.23785957635086552,0.20676062276877455,0.4853393064542891,0.16440576664270046,0.31749328023892487,0.28753014379216063,0.5749427575908412,0.1416308857891735,0.4986282838338587,0.47221141842440373,0.7484353741496599,0.04672213363823742,0.5330886566008518,0.507978068776817,0.7834478181516509,0.032841187305265654,0.5924624744206626,0.5725928710588313,0.8282263149162103,0.007630645937168797,154.0,0.12478354978354977,0.08961303462321792,0.2857142857142857,0.16125541125541124,0.24080086580086582,0.1975560081466395,0.4805194805194805,0.20652442795299938,0.30757575757575756,0.26883910386965376,0.5584415584415584,0.20468460111317255,0.39761904761904765,0.3543788187372709,0.6688311688311688,0.1672933127478582,0.5843073593073593,0.5498981670061099,0.8506493506493507,0.0517567328466911,0.6185064935064936,0.5885947046843177,0.8701298701298701,0.036163712407414735,0.6848484848484848,0.659877800407332,0.8961038961038961,0.008351564108386823
strict-candidate,train_kfold,0.25,0.25,0.25,0.25,0.0,0.0,0.0,245.6,0.09092682926829268,0.0737477556685024,0.24754604280736686,0.12405386870195234,0.18421984403517505,0.1557263229776886,0.40550522648083626,0.16587172011661808,0.23674404070571317,0.20604476945307137,0.4845229799236768,0.16379601054513948,0.31566036170565787,0.2860580030622229,0.571684088269454,0.14091982294570646,0.49787058237929316,0.47122660800485683,0.7484386925501908,0.04662726743642677,0.5318939217963609,0.506522881286634,0.7834478181516509,0.03274762867655325,0.5924624744206626,0.5725928710588313,0.8282263149162103,0.007630645937168797,154.0,0.11829004329004328,0.08757637474541752,0.2792207792207792,0.15476190476190477,0.24080086580086582,0.1975560081466395,0.4805194805194805,0.20652442795299938,0.3088744588744589,0.2708757637474542,0.564935064935065,0.20598330241187388,0.39761904761904765,0.3543788187372709,0.6688311688311688,0.1672933127478582,0.5856060606060607,0.5519348268839104,0.8506493506493507,0.05194495042621303,0.6172077922077922,0.5865580448065173,0.8701298701298701,0.036040026569443176,0.6848484848484848,0.659877800407332,0.8961038961038961,0.008351564108386823
strict-candidate,train_kfold,0.25,0.0,0.0,0.0,0.5,0.0,0.25,245.6,0.0874734251424147,0.07260239270848085,0.24345777335324376,0.12054454952712793,0.18322349427575907,0.15570017344554934,0.3916840882694541,0.16578349806821685,0.24565184447762847,0.213652057485406,0.48128753940600627,0.16982551007239907,0.31970123333886397,0.28854878930651007,0.57086112493778,0.14218498895054393,0.5129084674520215,0.4874457771516737,0.7622697859631657,0.04822612978673139,0.5467159449145511,0.5208727482626866,0.7940202422432387,0.033670097117417454,0.5928291576793319,0.5730766123814472,0.8282263149162103,0.007637105162341828,154.0,0.11093073593073592,0.0814663951120163,0.2597402597402597,0.14285714285714285,0.2333333333333333,0.19144602851323828,0.44805194805194803,0.19993815708101423,0.304004329004329,0.25865580448065173,0.538961038961039,0.1996959389816533,0.3692640692640693,0.329938900203666,0.6363636363636364,0.15609801453957298,0.5801948051948052,0.539714867617108,0.8246753246753247,0.0508130537896264,0.6053030303030303,0.570264765784114,0.8506493506493507,0.035045759625106886,0.6835497835497836,0.6578411405295316,0.8961038961038961,0.008325847250986796
strict-candidate,train_kfold,0.75,0.0,0.25,0.0,0.0,0.0,0.0,245.6,0.09001869365632433,0.07235726453340255,0.24265472042475525,0.12250738344118135,0.18218035506885683,0.15439792493273935,0.39493612078977935,0.1642541183720875,0.24257065427797136,0.20962907896716354,0.48534594325535096,0.16675071964519453,0.3191533654112051,0.2877506742321797,0.5782080637132901,0.1417794068107657,0.4800073557878436,0.4530575529989839,0.7362103865936619,0.04483200038464831,0.5078693103257563,0.48211441914529257,0.7696001327360212,0.031167808652204858,0.6014552845528456,0.5813002128546128,0.832288037166086,0.007746903109186712,154.0,0.12023809523809523,0.09164969450101833,0.2922077922077922,0.15692640692640694,0.22813852813852814,0.19144602851323828,0.4675324675324675,0.19831478045763762,0.2903679653679654,0.2505091649694501,0.5194805194805194,0.19198618841475987,0.38127705627705627,0.3380855397148676,0.6298701298701299,0.16003066197871393,0.5742424242424242,0.5336048879837068,0.8246753246753247,0.0502343962750602,0.6082251082251082,0.570264765784114,0.8571428571428571,0.035049467401923905,0.6822510822510822,0.6558044806517311,0.8961038961038961,0.00830013039358677
strict-candidate,train_kfold,0.0,0.0,0.0,0.0,0.5,0.5,0.0,245.6,0.09027974116475859,0.07372491056346608,0.24753940600630497,0.12399059786516234,0.18077910513799017,0.15310863587190143,0.3933167413306786,0.16335475281866524,0.23563812842210058,0.20624992270712122,0.48127426580388255,0.16380616063692222,0.3200453514739229,0.29070642032542576,0.5839223494275758,0.14323060270297702,0.5213631989381119,0.4969361671943048,0.7728488468558155,0.049163067910947524,0.5529628892207289,0.5286103846591408,0.8005442176870747,0.03417149810130526,0.5922992091145401,0.5723441148399258,0.8282263149162103,0.007627412960809936,154.0,0.1001082251082251,0.07739307535641547,0.24675324675324675,0.13095238095238096,0.2185064935064935,0.18329938900203666,0.461038961038961,0.1895640074211503,0.28268398268398265,0.24236252545824846,0.5324675324675324,0.1860544217687075,0.4002164502164502,0.34419551934826886,0.6883116883116883,0.16334985360959386,0.5888528138528139,0.5621181262729125,0.8506493506493507,0.05289382728697431,0.6264069264069264,0.594704684317719,0.8766233766233766,0.03654440036051029,0.6579004329004329,0.6334012219959266,0.8896103896103896,0.0080165281643477
strict-candidate,train_kfold,0.0,0.0,0.0,0.25,0.5,0.25,0.0,245.6,0.08556506830374426,0.07060557996875197,0.2369669819147171,0.11752392013716055,0.17905563851556883,0.15395771524217214,0.3965621370499419,0.16324405255714364,0.2413247607986284,0.21280473521278967,0.4942956694873072,0.16849282198361343,0.3258826945412311,0.29437912921650555,0.5847187655550025,0.14499951351121088,0.5244397433770256,0.49904672312838716,0.7769238427078149,0.049374722862556335,0.5546423870361152,0.5302910564143446,0.8021735523477684,0.0342802099436766,0.5922992091145401,0.5723441148399258,0.8282263149162103,0.007627412960809936,154.0,0.09545454545454544,0.06924643584521385,0.22077922077922077,0.12294372294372294,0.23647186147186144,0.1955193482688391,0.4935064935064935,0.20349412492269636,0.30173160173160174,0.25661914460285135,0.5584415584415584,0.19757781900639046,0.3900432900432901,0.35234215885947046,0.6688311688311688,0.16581859698742815,0.5898268398268398,0.5539714867617108,0.8636363636363636,0.0521414794648718,0.6241341991341991,0.594704684317719,0.8766233766233766,0.03653957325484285,0.6579004329004329,0.6334012219959266,0.8896103896103896,0.0080165281643477
strict-candidate,train_kfold,0.0,0.0,0.0,0.0,0.5,0.25,0.25,245.6,0.0844045683313976,0.07109684147282277,0.23858304297328686,0.11678281068524972,0.17950611138764447,0.15302556496666903,0.39574249211879875,0.16264425166117552,0.23930656490238372,0.20896021609335075,0.488604612576738,0.16573536019130844,0.3239505005254134,0.2941514531295917,0.5855317736850838,0.14475043545028612,0.5261775897350811,0.4997953447171324,0.7793695038991206,0.04945001096353932,0.5538270560256623,0.5300486166498029,0.8013605442176871,0.03426404692093022,0.5931543609313644,0.57357747031372,0.8282263149162103,0.007643544830698909,154.0,0.10714285714285714,0.0814663951120163,0.2597402597402597,0.14025974025974028,0.2392857142857143,0.20366598778004075,0.487012987012987,0.20987940630797772,0.30443722943722945,0.26476578411405294,0.564935064935065,0.2020356627499485,0.3997835497835498,0.3564154786150713,0.6753246753246753,0.16808148561395314,0.5948051948051948,0.560081466395112,0.8571428571428571,0.05272038086482489,0.6277056277056278,0.5967413441955194,0.8766233766233766,0.036668086198481845,0.6848484848484848,0.659877800407332,0.8961038961038961,0.008351564108386823
strict-candidate,train_kfold,0.5,0.0,0.25,0.0,0.0,0.25,0.0,245.6,0.08994828825839278,0.0720882095802804,0.24184171229467397,0.12231546927714176,0.18001117194845417,0.15250149186243142,0.39410320225651235,0.1621172185482788,0.23755522371550244,0.2052903538483232,0.48290028206404517,0.16343668044066254,0.31412748188706374,0.2823995854649327,0.5667960842873734,0.1392115785326338,0.47251296941540843,0.4441039412173386,0.730506056080969,0.0439508977487473,0.5030895415076599,0.476788385030842,0.7647121287539406,0.03082355628146034,0.6014961008793762,0.5813136749558712,0.8331043636966982,0.0077469095238223455,154.0,0.11807359307359308,0.08961303462321792,0.2857142857142857,0.1536796536796537,0.229004329004329,0.19144602851323828,0.461038961038961,0.19885590599876313,0.29545454545454547,0.25661914460285135,0.5324675324675324,0.19635126777983922,0.3717532467532468,0.3340122199592668,0.6168831168831169,0.1577178233022389,0.5744588744588744,0.5356415478615071,0.8311688311688312,0.050419676945268006,0.5998917748917749,0.5641547861507128,0.8506493506493507,0.034669921870628354,0.6822510822510822,0.6558044806517311,0.8961038961038961,0.00830013039358677
strict-candidate,train_kfold,0.5,0.0,0.25,0.0,0.0,0.0,0.25,245.6,0.08845777335324374,0.07136499945302434,0.23940268790443006,0.12055395166196561,0.18009512748188705,0.1517917438364338,0.3949195287871246,0.16165347207407935,0.2373519716829821,0.2050482230977179,0.4820872739339638,0.16325601196731115,0.31312344449975116,0.2814281392973658,0.5659797577567612,0.13873331192893165,0.4695831535866379,0.44168977709841417,0.7272473867595819,0.043709625510330405,0.5015841491067972,0.4753223973853659,0.7638991206238593,0.030729454815268575,0.6007495713732648,0.5805600972823581,0.832288037166086,0.007737204807172414,154.0,0.12023809523809523,0.09164969450101833,0.2922077922077922,0.15692640692640694,0.23062770562770563,0.1934826883910387,0.4675324675324675,0.20071119356833642,0.29329004329004327,0.2545824847250509,0.525974025974026,0.1947278911564626,0.37337662337662336,0.3360488798370672,0.6298701298701299,0.15864546708702554,0.5731601731601732,0.5336048879837068,0.8246753246753247,0.05023145936574608,0.5998917748917749,0.5641547861507128,0.8506493506493507,0.034669921870628354,0.6822510822510822,0.6558044806517311,0.8961038961038961,0.00830013039358677
strict-candidate,train_kfold,0.5,0.0,0.25,0.25,0.0,0.0,0.0,245.6,0.08845777335324374,0.07136499945302434,0.23940268790443006,0.12055395166196561,0.179891045849234,0.15154298761752832,0.39410320225651235,0.16142023592247584,0.23721647032796858,0.20505453955208147,0.4820872739339638,0.1632269759626654,0.31312344449975116,0.2814281392973658,0.5659797577567612,0.13873331192893165,0.47049167634533484,0.44265459779768096,0.7272473867595819,0.043805736951535626,0.5015841491067972,0.4753223973853659,0.7638991206238593,0.030729454815268575,0.6007495713732648,0.5805600972823581,0.832288037166086,0.007737204807172414,154.0,0.11807359307359308,0.08961303462321792,0.2857142857142857,0.1536796536796537,0.23192640692640693,0.1955193482688391,0.4675324675324675,0.20233457019171303,0.29329004329004327,0.2545824847250509,0.525974025974026,0.1947278911564626,0.3746753246753247,0.3380855397148676,0.6298701298701299,0.15951126795282639,0.5731601731601732,0.5336048879837068,0.8246753246753247,0.05023145936574608,0.6011904761904762,0.5661914460285132,0.8506493506493507,0.03479360770859991,0.6822510822510822,0.6558044806517311,0.8961038961038961,0.00830013039358677
strict-candidate,train_kfold,0.5,0.0,0.25,0.0,0.25,0.0,0.0,245.6,0.08845777335324374,0.07136499945302434,0.23940268790443006,0.12055395166196561,0.17940058625076047,0.1517653398125116,0.3924738675958188,0.1614194063223431,0.23667446490791438,0.20455132868777998,0.48290028206404517,0.16282047189762472,0.31263364858138376,0.2816634334150129,0.5659797577567612,0.13880257599819573,0.4713889718489021,0.4436358515581079,0.7305093744814999,0.04390136284931271,0.5029262762015375,0.47653962881193646,0.7647121287539406,0.030808007204686773,0.6014552845528456,0.5813002128546128,0.832288037166086,0.007746903109186712,154.0,0.11807359307359308,0.08961303462321792,0.2857142857142857,0.1536796536796537,0.22770562770562772,0.1894093686354379,0.45454545454545453,0.19723252937538652,0.29545454545454547,0.25661914460285135,0.5324675324675324,0.19635126777983922,0.3717532467532468,0.3340122199592668,0.6233766233766234,0.1577178233022389,0.5731601731601732,0.5336048879837068,0.8246753246753247,0.05023145936574608,0.5998917748917749,0.5641547861507128,0.8506493506493507,0.034669921870628354,0.6822510822510822,0.6558044806517311,0.8961038961038961,0.00830013039358677
strict-candidate,train_kfold,0.25,0.0,0.25,0.0,0.0,0.25,0.25,245.6,0.08834091034787898,0.07181027407610775,0.24103534096565454,0.1205859189204137,0.17587340301974447,0.1494297042168572,0.3941131574581052,0.15877942117613594,0.22448592445108123,0.19539443973264364,0.46498755599800895,0.15535538489495684,0.2946824843758642,0.2653656010993612,0.5431624357059898,0.13084990646762673,0.45366733034677287,0.42880140507974496,0.7093313422930148,0.04243005479073577,0.4886937669376694,0.46446277070799835,0.7516807698689232,0.030022199621440916,0.6019858967977434,0.5820195573088124,0.8331043636966982,0.007756608452898927,154.0,0.12088744588744589,0.08961303462321792,0.2857142857142857,0.15692640692640694,0.2246753246753247,0.18737270875763748,0.44805194805194803,0.19452690166975883,0.29393939393939394,0.25865580448065173,0.538961038961039,0.19676870748299322,0.3743506493506493,0.3360488798370672,0.6428571428571429,0.1586169242013398,0.5703463203463203,0.5315682281059063,0.8311688311688312,0.05003208753985213,0.5955627705627706,0.560081466395112,0.8506493506493507,0.03441774686117179,0.6822510822510822,0.6558044806517311,0.8961038961038961,0.00830013039358677
strict-candidate,train_kfold,0.25,0.0,0.25,0.25,0.0,0.25,0.0,245.6,0.08817764504175654,0.07156151785720229,0.24021901443504232,0.12031381007687628,0.17587340301974447,0.1494297042168572,0.3941131574581052,0.15877942117613594,0.22448592445108123,0.19539443973264364,0.46498755599800895,0.15535538489495684,0.2946824843758642,0.2653656010993612,0.5431624357059898,0.13084990646762673,0.4539918699186992,0.42927267686353554,0.7093313422930148,0.04247708951130481,0.4886937669376694,0.46446277070799835,0.7516807698689232,0.030022199621440916,0.6018226314916211,0.5817842631911653,0.8331043636966982,0.007753375476540067,154.0,0.12088744588744589,0.08961303462321792,0.2857142857142857,0.15692640692640694,0.2265151515151515,0.1894093686354379,0.45454545454545453,0.19645949288806433,0.29264069264069265,0.25661914460285135,0.5324675324675324,0.19547000618429192,0.3756493506493507,0.3380855397148676,0.6428571428571429,0.15948272506714065,0.5670995670995671,0.5295315682281059,0.8311688311688312,0.04983531461580648,0.5968614718614719,0.5621181262729125,0.8506493506493507,0.034541432699143344,0.6822510822510822,0.6558044806517311,0.8961038961038961,0.00830013039358677
strict-candidate,train_kfold,0.25,0.0,0.25,0.0,0.0,0.5,0.0,245.6,0.08872031414191693,0.07206190340563663,0.24184834909573585,0.1211279243404679,0.175778552071235,0.1491907555908118,0.3941131574581052,0.15861488381647665,0.2254337702560699,0.1961339850717815,0.4657972457275593,0.15599351331705738,0.29823875891820145,0.26831261002582546,0.549676455948233,0.13230680275976442,0.45604037387312646,0.4309802750810222,0.7101443504230961,0.042645542735628324,0.49218179304242027,0.4661379096663795,0.7549394391903103,0.030133539661720186,0.6014961008793762,0.5813136749558712,0.8331043636966982,0.0077469095238223455,154.0,0.12088744588744589,0.08961303462321792,0.2857142857142857,0.15692640692640694,0.2268398268398268,0.1894093686354379,0.45454545454545453,0.19669140383426098,0.29393939393939394,0.25865580448065173,0.538961038961039,0.19676870748299322,0.3730519480519481,0.3340122199592668,0.6363636363636364,0.15775112333553892,0.5703463203463203,0.5315682281059063,0.8311688311688312,0.05003208753985213,0.5955627705627706,0.560081466395112,0.8506493506493507,0.03441774686117179,0.6822510822510822,0.6558044806517311,0.8961038961038961,0.00830013039358677
strict-candidate,train_kfold,0.25,0.0,0.25,0.0,0.25,0.25,0.0,245.6,0.08781245506332616,0.07108074749448809,0.23859631657541067,0.11971871024832699,0.17550754936120788,0.14894230838584285,0.3933001493280239,0.15834388110644954,0.22630230628836898,0.19661171895397042,0.46661357225817157,0.15638779460680904,0.29772534704938886,0.2680576352018348,0.5480504396880704,0.13215554082552589,0.45620297549914274,0.4312224058316276,0.7109573585531773,0.04266910818867416,0.49292705049499475,0.4668832512812863,0.7565654554504728,0.030180747564717815,0.6016593661854986,0.5815489690735183,0.8331043636966982,0.007750142500181206,154.0,0.11764069264069264,0.08757637474541752,0.2792207792207792,0.1525974025974026,0.2268398268398268,0.1894093686354379,0.45454545454545453,0.19669140383426098,0.29264069264069265,0.25661914460285135,0.5324675324675324,0.19547000618429192,0.3743506493506493,0.3360488798370672,0.6363636363636364,0.1586169242013398,0.5703463203463203,0.5315682281059063,0.8311688311688312,0.05003208753985213,0.5955627705627706,0.560081466395112,0.8506493506493507,0.03441774686117179,0.6822510822510822,0.6558044806517311,0.8961038961038961,0.00830013039358677
strict-candidate,train_kfold,0.25,0.0,0.25,0.0,0.5,0.0,0.0,245.6,0.08781245506332616,0.07108074749448809,0.23859631657541067,0.11971871024832699,0.17550754936120788,0.14894230838584285,0.3933001493280239,0.15834388110644954,0.2249750566893424,0.19587217361483256,0.4649908743985399,0.15565094376891292,0.29735800011061336,0.26780887898292927,0.5480504396880704,0.13202726094214395,0.45613494828825835,0.4309736496127221,0.7117736850837896,0.04264546779628925,0.4928179857308777,0.466883771459881,0.7557491289198606,0.030180383660600413,0.601292019246723,0.5810649187369658,0.832288037166086,0.007743670132827852,154.0,0.1143939393939394,0.0855397148676171,0.2727272727272727,0.14826839826839827,0.2268398268398268,0.1894093686354379,0.45454545454545453,0.19669140383426098,0.29264069264069265,0.25661914460285135,0.5324675324675324,0.19547000618429192,0.37781385281385277,0.34012219959266804,0.6363636363636364,0.16048172606614164,0.5670995670995671,0.5295315682281059,0.8311688311688312,0.04983531461580648,0.5955627705627706,0.560081466395112,0.8506493506493507,0.03441774686117179,0.6822510822510822,0.6558044806517311,0.8961038961038961,0.00830013039358677
strict-candidate,train_kfold,0.25,0.0,0.25,0.25,0.25,0.0,0.0,245.6,0.08777097505668935,0.07108440200288643,0.2385929981748797,0.11966318234610918,0.17530153199491177,0.148962298106123,0.39329683092749296,0.1582485323978604,0.22505503014213818,0.19563025402888537,0.46498755599800895,0.1555567011938341,0.295933078922626,0.2661052442877775,0.5447917703666832,0.13123225118446621,0.4540602842763121,0.42928880091075927,0.7093313422930148,0.04247754259240693,0.48957303246501854,0.4647217090543239,0.7516774514683922,0.030038323563209946,0.6014552845528456,0.5812867507533543,0.832288037166086,0.007746903109186713,154.0,0.11764069264069264,0.08757637474541752,0.2792207792207792,0.1525974025974026,0.2286796536796537,0.19144602851323828,0.461038961038961,0.19862399505256648,0.29264069264069265,0.25661914460285135,0.5324675324675324,0.19547000618429192,0.3724025974025974,0.3360488798370672,0.6428571428571429,0.15840047398488957,0.5670995670995671,0.5295315682281059,0.8311688311688312,0.04983531461580648,0.5968614718614719,0.5621181262729125,0.8506493506493507,0.034541432699143344,0.6822510822510822,0.6558044806517311,0.8961038961038961,0.00830013039358677
strict-candidate,train_kfold,0.25,0.0,0.25,0.0,0.25,0.0,0.25,245.6,0.08797505668934241,0.07131969612053349,0.23940932470549195,0.11998971295835408,0.17530153199491177,0.148962298106123,0.39329683092749296,0.1582485323978604,0.22478292129860072,0.1953949599112383,0.46498755599800895,0.15535261956118104,0.2957704772966097,0.2658567970828085,0.5447917703666832,0.13112385010045538,0.4534472097782202,0.4292924554191576,0.7085150157624025,0.0424763368568294,0.4894104308390023,0.46447957830371855,0.7516774514683922,0.030022837694065534,0.6014552845528456,0.5812867507533543,0.832288037166086,0.007746903109186713,154.0,0.11655844155844156,0.08757637474541752,0.2792207792207792,0.15151515151515152,0.2268398268398268,0.1894093686354379,0.45454545454545453,0.19669140383426098,0.29393939393939394,0.25865580448065173,0.538961038961039,0.19676870748299322,0.3743506493506493,0.3360488798370672,0.6363636363636364,0.1586169242013398,0.5703463203463203,0.5315682281059063,0.8311688311688312,0.05003208753985213,0.5955627705627706,0.560081466395112,0.8506493506493507,0.03441774686117179,0.6822510822510822,0.6558044806517311,0.8961038961038961,0.00830013039358677
strict-candidate,train_kfold,0.0,0.0,0.0,0.0,0.25,0.5,0.25,245.6,0.08522990985011891,0.06909003418038094,0.23206902273104363,0.11618328632265915,0.1744127537193739,0.148549289191161,0.38923179027708643,0.15811727385495428,0.23104336043360432,0.202032815513016,0.47802223328355736,0.1605143125775281,0.3125329904319451,0.28534674455496345,0.5798539903766384,0.14040593696442377,0.5211328466345888,0.49658847266229894,0.7696001327360212,0.049137975091452755,0.5515205464299541,0.5276561206218541,0.7940268790443007,0.03410813022724588,0.5931543609313644,0.57357747031372,0.8282263149162103,0.007643544830698909,154.0,0.10064935064935066,0.07128309572301425,0.22727272727272727,0.12943722943722943,0.2225108225108225,0.18533604887983707,0.44155844155844154,0.19319727891156463,0.29383116883116883,0.2505091649694501,0.5454545454545454,0.19220263863121007,0.41244588744588745,0.3665987780040733,0.7012987012987013,0.17297031972356647,0.596969696969697,0.5641547861507128,0.8571428571428571,0.053099414925717035,0.6309523809523809,0.6008146639511202,0.8766233766233766,0.03691783644823209,0.6848484848484848,0.659877800407332,0.8961038961038961,0.008351564108386823
strict-candidate,train_kfold,0.5,0.0,0.5,0.0,0.0,0.0,0.0,245.6,0.08777097505668935,0.07109390058180996,0.2385929981748797,0.11966318234610918,0.17497632874287927,0.14847490227510868,0.39167081466733034,0.15784202833281977,0.22505569382224433,0.19564006162174544,0.46498755599800895,0.15555736487394028,0.29576981361650356,0.26585648806887197,0.5447917703666832,0.13112340764705124,0.4525928875615287,0.42807204186802716,0.7085150157624025,0.042358066855297506,0.4865613074498092,0.46302439081353575,0.7492351086776174,0.029927145002464583,0.6007495713732648,0.5805600972823581,0.832288037166086,0.007737204807172414,154.0,0.11655844155844156,0.08757637474541752,0.2792207792207792,0.15151515151515152,0.2268398268398268,0.1894093686354379,0.45454545454545453,0.19669140383426098,0.29264069264069265,0.25661914460285135,0.5324675324675324,0.19547000618429192,0.3765151515151515,0.3380855397148676,0.6363636363636364,0.1596159252003408,0.5690476190476191,0.5295315682281059,0.8311688311688312,0.0498438699603302,0.5955627705627706,0.560081466395112,0.8506493506493507,0.03441774686117179,0.6800865800865801,0.6537678207739308,0.8896103896103896,0.008274311282280582
strict-candidate,train_kfold,0.0,0.0,0.0,0.25,0.25,0.5,0.0,245.6,0.08286488579171505,0.06764533783155467,0.22717438194790113,0.11319296499087442,0.17339936950389911,0.14808051598343372,0.3867960842873735,0.15740121832705206,0.22925430009402134,0.20152287460373858,0.4747735191637631,0.15983756166035906,0.3102925170068027,0.2833530402953214,0.5774083291853327,0.13938908478281303,0.5186619102925724,0.4953421752658409,0.7696034511365522,0.04901517696928561,0.5527842486588131,0.5291187627728682,0.794843205574913,0.034202053914170964,0.5922992091145401,0.5723441148399258,0.8282263149162103,0.007627412960809936,154.0,0.10454545454545455,0.07535641547861507,0.24025974025974026,0.13376623376623378,0.22034632034632032,0.18126272912423624,0.44805194805194803,0.18843537414965986,0.2813852813852814,0.23625254582484725,0.5324675324675324,0.1821789321789322,0.40725108225108225,0.35845213849287166,0.6818181818181818,0.169507116260363,0.5885281385281386,0.5539714867617108,0.8701298701298701,0.05214977168358368,0.6238095238095238,0.5906313645621182,0.8766233766233766,0.03629702868456718,0.6579004329004329,0.6334012219959266,0.8896103896103896,0.0080165281643477
strict-candidate,train_kfold,0.25,0.0,0.25,0.5,0.0,0.0,0.0,245.6,0.0879335766827056,0.07133284920785536,0.239406006304961,0.11993418505613629,0.17405613627564848,0.1482116913925117,0.3916741330678613,0.15736882441710714,0.22321110558044355,0.19418117182840797,0.4641778662684586,0.15439055994058487,0.2946851390962889,0.26439159083510744,0.543975443836071,0.13045588159973426,0.4513446158951385,0.427093759067502,0.7076986892317902,0.042260858725249484,0.48497030031524807,0.4620494535074724,0.7451567944250871,0.029863789869603356,0.6007495713732648,0.5805600972823581,0.832288037166086,0.007737204807172414,154.0,0.12218614718614719,0.09164969450101833,0.2922077922077922,0.1590909090909091,0.22738095238095238,0.1894093686354379,0.461038961038961,0.19700061842918987,0.29264069264069265,0.25661914460285135,0.5324675324675324,0.19547000618429192,0.37857142857142856,0.34012219959266804,0.6493506493506493,0.16050313323040596,0.562012987012987,0.5234215885947047,0.8246753246753247,0.049262275536449886,0.5968614718614719,0.5621181262729125,0.8506493506493507,0.034541432699143344,0.6800865800865801,0.6537678207739308,0.8896103896103896,0.008274311282280582
strict-candidate,train_kfold,0.25,0.0,0.25,0.0,0.0,0.0,0.5,245.6,0.0879335766827056,0.07133284920785536,0.239406006304961,0.11993418505613629,0.17405613627564848,0.1482116913925117,0.3916741330678613,0.15736882441710714,0.2223947790498313,0.1939458777107609,0.46336153973784633,0.15411845109704742,0.2946851390962889,0.2644042715385909,0.5431624357059897,0.13045588159973426,0.4513446158951385,0.42709694119206193,0.7076986892317902,0.042260858725249484,0.48464443338310936,0.46157202863922003,0.7451567944250871,0.029832754923685385,0.6007495713732648,0.5805600972823581,0.832288037166086,0.007737204807172414,154.0,0.1198051948051948,0.08961303462321792,0.2857142857142857,0.15584415584415584,0.2268398268398268,0.1894093686354379,0.45454545454545453,0.19669140383426098,0.29523809523809524,0.2606924643584521,0.5454545454545454,0.19806740878169452,0.37272727272727274,0.3340122199592668,0.6363636363636364,0.15768928041655317,0.5668831168831169,0.5274949083503055,0.8311688311688312,0.04965003394559867,0.5955627705627706,0.560081466395112,0.8506493506493507,0.03441774686117179,0.6800865800865801,0.6537678207739308,0.8896103896103896,0.008274311282280582
strict-candidate,train_kfold,0.25,0.0,0.25,0.25,0.0,0.0,0.25,245.6,0.0879335766827056,0.07133284920785536,0.239406006304961,0.11993418505613629,0.17405613627564848,0.1482116913925117,0.3916741330678613,0.15736882441710714,0.2223947790498313,0.1939458777107609,0.46336153973784633,0.15411845109704742,0.2946851390962889,0.26439159083510744,0.543975443836071,0.13045588159973426,0.45118201426912224,0.42685481044145657,0.7076986892317902,0.042237293272203644,0.48464443338310936,0.46157202863922003,0.7451567944250871,0.029832754923685385,0.6007495713732648,0.5805600972823581,0.832288037166086,0.007737204807172414,154.0,0.12435064935064934,0.09368635437881874,0.2987012987012987,0.16233766233766234,0.2265151515151515,0.1894093686354379,0.45454545454545453,0.19645949288806433,0.29264069264069265,0.25661914460285135,0.5324675324675324,0.19547000618429192,0.37402597402597404,0.3360488798370672,0.6428571428571429,0.15855508128235402,0.5668831168831169,0.5274949083503055,0.8311688311688312,0.04965003394559867,0.5968614718614719,0.5621181262729125,0.8506493506493507,0.034541432699143344,0.6800865800865801,0.6537678207739308,0.8896103896103896,0.008274311282280582
strict-candidate,train_kfold,0.0,0.0,0.0,0.0,0.75,0.0,0.25,245.6,0.08133394170676402,0.06724382507559731,0.22555168408826948,0.11197566506277308,0.17255400696864112,0.14895880696762653,0.38677949228471875,0.1572517006802721,0.23127000718986782,0.20148637853847765,0.4747270615563298,0.16005448497633665,0.31570433051269287,0.28778734137024675,0.5684055085448814,0.14149583009214667,0.5143592721641502,0.487671311471217,0.7638958022233284,0.04825333258463206,0.5470882694541231,0.5215733390523521,0.7964725402356064,0.03371726547538368,0.5934264697749019,0.5737993023301087,0.8282263149162103,0.007646790661834544,154.0,0.10638528138528139,0.07942973523421588,0.2532467532467532,0.13874458874458875,0.22380952380952382,0.18329938900203666,0.4675324675324675,0.19236239950525663,0.29145021645021646,0.2545824847250509,0.564935064935065,0.19492372706658423,0.37424242424242427,0.34826883910386963,0.6493506493506493,0.16310767154922998,0.5837662337662338,0.5478615071283096,0.8441558441558441,0.05156013666877159,0.6136363636363636,0.5784114052953157,0.8701298701298701,0.03554773174941726,0.6848484848484848,0.659877800407332,0.8961038961038961,0.008351564108386823
strict-candidate,train_kfold,0.0,0.0,0.0,0.0,0.25,0.75,0.0,245.6,0.08752065704330513,0.07156533799526844,0.24021901443504232,0.11992799070847851,0.1722710027100271,0.14651464525718041,0.3843504230960677,0.15634687556788104,0.22233891930756045,0.1945298920545227,0.4544217687074831,0.1545463799147224,0.3007685415629666,0.27338287110785725,0.5627509540401526,0.13469048975470083,0.5049634422874841,0.47982284870288316,0.7622664675626348,0.04749218136082898,0.544504673414081,0.5208949688609119,0.78913887506222,0.033671119588809084,0.5922992091145401,0.5723441148399258,0.8282263149162103,0.007627412960809936,154.0,0.10746753246753248,0.0814663951120163,0.2597402597402597,0.1406926406926407,0.21309523809523812,0.17718940936863545,0.44805194805194803,0.18368893011750154,0.2551948051948052,0.2219959266802444,0.5064935064935064,0.1693619872191301,0.36158008658008656,0.31771894093686354,0.6493506493506493,0.15037927440524843,0.5732683982683983,0.5437881873727087,0.8506493506493507,0.05118275838222952,0.6102813852813853,0.5824847250509165,0.8701298701298701,0.035790158111228224,0.6579004329004329,0.6334012219959266,0.8896103896103896,0.0080165281643477
strict-candidate,train_kfold,0.0,0.0,0.0,0.25,0.75,0.0,0.0,245.6,0.07948227421049721,0.06599851351417499,0.22149659863945578,0.1094881920247774,0.17160190254963775,0.14718524987473955,0.3794591007134561,0.15605863297700034,0.23001095072175212,0.19978602381716415,0.4714750290360047,0.15874274231566418,0.3151097284442232,0.28681530950346174,0.5684055085448814,0.14103995368604627,0.513966650074664,0.4878902703769822,0.7638991206238593,0.04827493290772313,0.5456601404789558,0.5203627986147052,0.7932105525136884,0.033638008711244866,0.5922992091145401,0.5723441148399258,0.8282263149162103,0.007627412960809936,154.0,0.10292207792207791,0.07535641547861507,0.24025974025974026,0.13333333333333333,0.20313852813852815,0.17311608961303462,0.42857142857142855,0.1787878787878788,0.2937229437229437,0.2525458248472505,0.551948051948052,0.19407854050711196,0.3787878787878788,0.34419551934826886,0.6428571428571429,0.16190735671255152,0.5760822510822511,0.539714867617108,0.8246753246753247,0.05079586047653175,0.6059523809523809,0.5743380855397149,0.8636363636363636,0.03528949348228612,0.6579004329004329,0.6334012219959266,0.8896103896103896,0.0080165281643477
strict-candidate,train_kfold,0.25,0.25,0.5,0.0,0.0,0.0,0.0,245.6,0.08345915602013163,0.06790492427464227,0.22800398208063713,0.11404645760743322,0.16187749571373264,0.13888513472750724,0.3688468558154969,0.14736821604367648,0.208332116586472,0.1820577442673439,0.4364791770366683,0.14472323749476562,0.2834925059454676,0.25401981690649134,0.5350389912062385,0.1253848608114412,0.46589403240971183,0.4416204550026849,0.7248183175709307,0.043698687174227833,0.5096503511973896,0.48575203555563873,0.7655350920856148,0.03139913806035831,0.5924624744206626,0.5725928710588313,0.8282263149162103,0.007630645937168797,154.0,0.10530303030303029,0.07942973523421588,0.2532467532467532,0.13744588744588745,0.2265151515151515,0.1894093686354379,0.461038961038961,0.19645949288806433,0.29274891774891776,0.25865580448065173,0.5324675324675324,0.19629973201401774,0.3853896103896104,0.35845213849287166,0.6753246753246753,0.16789098347539907,0.5615800865800866,0.5254582484725051,0.8311688311688312,0.049458620086589286,0.5926406926406926,0.5580448065173116,0.8571428571428571,0.03429161249133995,0.6864718614718615,0.6619144602851323,0.8961038961038961,0.008377331991297561
strict-candidate,train_kfold,0.0,0.0,0.0,0.25,0.25,0.25,0.25,245.6,0.0741290304739782,0.06159027958821177,0.206825949892152,0.10217841933521377,0.15830949615618606,0.13961371880121604,0.3607068193130911,0.1465823634912734,0.20642586140147118,0.18379268901666365,0.44134063381450145,0.14531169525495063,0.2762593330014933,0.2519139080432404,0.527715281234445,0.12390299540623084,0.49206327083678997,0.469995507613813,0.7459863945578231,0.04649175648645306,0.5397505115867485,0.5149700787492331,0.7907715281234445,0.033294689471535154,0.592829157679332,0.5730900744827057,0.8282263149162103,0.007637105162341828,154.0,0.10541125541125541,0.07739307535641547,0.24675324675324675,0.13701298701298703,0.2252164502164502,0.19144602851323828,0.461038961038961,0.19808286951144094,0.27445887445887446,0.24032586558044808,0.512987012987013,0.18336940836940838,0.3708874458874459,0.34012219959266804,0.6753246753246753,0.15959776154581348,0.5892857142857143,0.5519348268839104,0.8636363636363636,0.05195343088908279,0.6242424242424243,0.5926680244399185,0.8766233766233766,0.03641831285578201,0.6826839826839828,0.6578411405295316,0.8961038961038961,0.008325744997080633
strict-candidate,train_kfold,0.0,0.0,0.0,0.0,0.25,0.25,0.5,245.6,0.07417239090758254,0.061859123376675804,0.2076455948232952,0.10234400752170787,0.15763221060782037,0.1386573453252137,0.3607001825120292,0.1457064716711307,0.20725540622753166,0.18375370213853642,0.44215364194458273,0.14546868457022763,0.27704977600796415,0.25186568154560396,0.527715281234445,0.1238998288366133,0.4940710137713622,0.47029039635774045,0.748425418948067,0.04652203012378094,0.5372685139096289,0.5130043713779519,0.7883291853326696,0.03316891671116159,0.594158177091975,0.5747645954132138,0.8290393230462916,0.007659682775668459,154.0,0.09491341991341992,0.06924643584521385,0.22077922077922077,0.12229437229437229,0.2252164502164502,0.1894093686354379,0.474025974025974,0.196134817563389,0.28495670995670996,0.2505091649694501,0.5324675324675324,0.19121315192743765,0.36893939393939396,0.3421588594704684,0.6688311688311688,0.16036517594959152,0.5803030303030302,0.5478615071283096,0.8441558441558441,0.051557026768969845,0.6274891774891775,0.594704684317719,0.8766233766233766,0.03654563651251743,0.6848484848484848,0.659877800407332,0.8961038961038961,0.008351564108386823
strict-candidate,train_kfold,0.0,0.0,0.0,0.5,0.25,0.25,0.0,245.6,0.07484829378906034,0.06235570877267717,0.20926829268292685,0.10329118964659034,0.1558895525689951,0.13767970701713278,0.35337979094076655,0.14422717612015773,0.20615519053149717,0.18300801245364073,0.43890160942425754,0.14472154932433678,0.27514446103644713,0.2519564839091425,0.5244566119130579,0.12384949755183702,0.4898929815828771,0.46801619249723886,0.7459830761572922,0.04629999113191739,0.5403453901885957,0.5149742056414698,0.7923975443836071,0.03329577468624415,0.5922992091145401,0.5723441148399258,0.8282263149162103,0.007627412960809936,154.0,0.10227272727272728,0.07739307535641547,0.24675324675324675,0.13333333333333333,0.21385281385281382,0.17922606924643583,0.42857142857142855,0.1860235003092146,0.25887445887445887,0.23217922606924643,0.512987012987013,0.17644300144300146,0.3367965367965368,0.3075356415478615,0.5974025974025974,0.14465383101746737,0.5731601731601732,0.5356415478615071,0.8571428571428571,0.05041665741190669,0.6017316017316018,0.5682281059063137,0.8766233766233766,0.034917246681467895,0.6579004329004329,0.6334012219959266,0.8896103896103896,0.0080165281643477
strict-candidate,train_kfold,0.0,0.25,0.0,0.0,0.75,0.0,0.0,245.6,0.07840821857198163,0.06327892397497616,0.2125634644101543,0.10715613074498091,0.15708976273436204,0.13564627132977525,0.3599236767877883,0.14402270734077602,0.20552309053702783,0.1826526934119636,0.4332238261158122,0.1446301510925702,0.281433991482772,0.2578055191931069,0.5423627011780322,0.12689222574339548,0.4929425916708146,0.46700331093000347,0.7484320557491289,0.046226570370896544,0.5336908909905425,0.5103547064962541,0.7818184834909574,0.03299818287723688,0.5922992091145401,0.5723441148399258,0.8282263149162103,0.007627412960809936,154.0,0.08733766233766234,0.06313645621181263,0.2012987012987013,0.11147186147186149,0.1971861471861472,0.15885947046843177,0.4025974025974026,0.16689857761286334,0.26590909090909093,0.2219959266802444,0.512987012987013,0.17123788909503196,0.3348484848484849,0.29327902240325865,0.6103896103896104,0.13891368371887852,0.5752164502164502,0.5437881873727087,0.8441558441558441,0.05119131372675324,0.596969696969697,0.570264765784114,0.8636363636363636,0.03504195534746676,0.6579004329004329,0.6334012219959266,0.8896103896103896,0.0080165281643477
strict-candidate,train_kfold,0.0,0.75,0.25,0.0,0.0,0.0,0.0,245.6,0.07245235329904319,0.06301939205404218,0.21170731707317075,0.10168209722913554,0.15708461921353906,0.13519624078811215,0.3558354073336652,0.143492118798739,0.2071444057297716,0.18272960682539563,0.44136718101874894,0.14503499595734543,0.28404889110115594,0.2593309307008095,0.5375012444001992,0.12764925368310137,0.49519279907084784,0.46878283866703124,0.7508644433383109,0.04639195674427626,0.5345875228140036,0.5113387355180261,0.7818184834909573,0.03305902072549773,0.5924624744206626,0.5725928710588313,0.8282263149162103,0.007630645937168797,154.0,0.10367965367965368,0.07739307535641547,0.24675324675324675,0.13484848484848483,0.21233766233766235,0.1690427698574338,0.42857142857142855,0.17945269016697588,0.2728354978354978,0.23217922606924643,0.512987012987013,0.1786281179138322,0.3731601731601732,0.3319755600814664,0.6428571428571429,0.15672768789651909,0.5721861471861472,0.539714867617108,0.8571428571428571,0.05080666123065149,0.6100649350649351,0.5804480651731161,0.8636363636363636,0.03566770842526382,0.6701298701298701,0.6476578411405295,0.8896103896103896,0.008196853131963564
strict-candidate,train_kfold,0.0,0.25,0.0,0.75,0.0,0.0,0.0,245.6,0.07688291576793319,0.062286145443400685,0.20928820308611246,0.10505812731596705,0.1558386704275206,0.13417908668460546,0.3558387257341961,0.1426894609179328,0.2031283114871965,0.18002621358144136,0.43484320557491285,0.14274170465708544,0.2788327526132404,0.25483543627108096,0.5382910237265638,0.1255066464424354,0.48818162712239366,0.46141957452497345,0.7468027210884354,0.045678092743407964,0.5300279298711355,0.5062471876588764,0.7785598141695702,0.032732431800554754,0.5922992091145401,0.5723441148399258,0.8282263149162103,0.007627412960809936,154.0,0.09112554112554112,0.06517311608961303,0.2077922077922078,0.11645021645021646,0.20324675324675326,0.15885947046843177,0.4090909090909091,0.16906307977736548,0.26363636363636367,0.2158859470468432,0.5064935064935064,0.1677540713254999,0.3436147186147186,0.29938900203665986,0.6233766233766234,0.1417640800757684,0.5668831168831169,0.5356415478615071,0.8506493506493507,0.050421501723351,0.594047619047619,0.5661914460285132,0.8636363636363636,0.03479339438462009,0.6579004329004329,0.6334012219959266,0.8896103896103896,0.0080165281643477
strict-candidate,train_kfold,0.0,0.25,0.0,0.0,0.0,0.0,0.75,245.6,0.07584978706929926,0.06255170925802639,0.21009789281566285,0.10437730214036833,0.15581322935678338,0.1341785665060108,0.35502571760411483,0.1426811096099299,0.20343039654886344,0.18075954031549402,0.43565621370499413,0.14308997079280802,0.27820690227310435,0.2543380872031719,0.539107350257176,0.1252924381077691,0.4883855428350202,0.46165486864262045,0.7459897129583541,0.04570210093275652,0.5305985288424313,0.5069860494495178,0.777743487638958,0.03277931423618781,0.5924624744206626,0.5725928710588313,0.8282263149162103,0.007630645937168797,154.0,0.0922077922077922,0.06517311608961303,0.2077922077922078,0.11753246753246754,0.20422077922077922,0.164969450101833,0.42207792207792205,0.17351576994434137,0.2503246753246753,0.21384928716904278,0.4935064935064935,0.16431148216862504,0.3461038961038961,0.3014256619144603,0.6233766233766234,0.14282492399375515,0.5724025974025975,0.5417515274949084,0.8441558441558441,0.0509919419008593,0.5943722943722943,0.5661914460285132,0.8636363636363636,0.03479458367152366,0.6659090909090909,0.6415478615071283,0.8896103896103896,0.00811965153425277
strict-candidate,train_kfold,0.0,0.25,0.0,0.25,0.0,0.0,0.5,245.6,0.07568718544328301,0.06231276063198099,0.20928488468558154,0.10410629943034125,0.15581322935678338,0.1341785665060108,0.35502571760411483,0.1426811096099299,0.20228654388584705,0.180026733760036,0.434839887174382,0.14249104690269448,0.2781669155467065,0.254347894796032,0.539107350257176,0.12528513762660104,0.4883448924285162,0.4616580507671804,0.7459897129583541,0.045701754381976434,0.5305170621093966,0.5069828673249578,0.7785598141695702,0.03277901582324629,0.5922992091145401,0.5723441148399258,0.8282263149162103,0.007627412960809936,154.0,0.08896103896103896,0.06313645621181263,0.2012987012987013,0.11320346320346321,0.20162337662337662,0.16089613034623218,0.4155844155844156,0.17026901669758812,0.25292207792207794,0.20977596741344195,0.487012987012987,0.1625798804370233,0.3482683982683983,0.3034623217922607,0.6298701298701299,0.14382392499275615,0.5698051948051948,0.5376782077393075,0.8441558441558441,0.05061550674181544,0.5956709956709957,0.5682281059063137,0.8636363636363636,0.03491826950949521,0.6659090909090909,0.6415478615071283,0.8896103896103896,0.00811965153425277
strict-candidate,train_kfold,0.0,0.25,0.0,0.0,0.5,0.25,0.0,245.6,0.07724124771859964,0.06206879040054417,0.20849510535921686,0.10539240086278415,0.15555793374260274,0.134158461210585,0.35666832586693215,0.14254297723735257,0.20393589956307726,0.18168291662792896,0.4348564791770366,0.14378388521494548,0.2768836347547149,0.2532141133890785,0.5366583706653393,0.12467876694954842,0.4880940766550522,0.4635822226297487,0.7459830761572922,0.04588843059338484,0.531261766495216,0.5076957496807591,0.7793761407001825,0.03282622309452861,0.5922992091145401,0.5723441148399258,0.8282263149162103,0.007627412960809936,154.0,0.09058441558441557,0.06517311608961303,0.2077922077922078,0.1158008658008658,0.19393939393939394,0.15682281059063136,0.3961038961038961,0.16430117501546074,0.2616883116883117,0.2158859470468432,0.5,0.16719748505462792,0.3386363636363636,0.2973523421588595,0.6168831168831169,0.14084032850266615,0.5709956709956711,0.5376782077393075,0.8441558441558441,0.05062389308260626,0.5937229437229438,0.5682281059063137,0.8636363636363636,0.03491463169073134,0.6579004329004329,0.6334012219959266,0.8896103896103896,0.0080165281643477
strict-candidate,train_kfold,0.0,0.25,0.0,0.5,0.0,0.0,0.25,245.6,0.07731718378408274,0.0627833488672751,0.21091753774680605,0.10573674022454511,0.15571605552790221,0.133950109021322,0.35502239920358386,0.1425144152899255,0.20166157845251922,0.17952901015756692,0.43321387091421937,0.14216762136523214,0.2776523975443836,0.25410925518392313,0.5382910237265638,0.1251333651692039,0.48818229080249986,0.46141592001657505,0.7459897129583541,0.045678188928930594,0.5301905314971517,0.5064988169884053,0.7785598141695702,0.03274791766969916,0.5922992091145401,0.5723441148399258,0.8282263149162103,0.007627412960809936,154.0,0.08896103896103896,0.06313645621181263,0.2012987012987013,0.11320346320346321,0.19675324675324676,0.15682281059063136,0.4025974025974026,0.16581632653061223,0.26071428571428573,0.21384928716904278,0.5,0.16604308390022676,0.3436147186147186,0.29938900203665986,0.6233766233766234,0.1417640800757684,0.5714285714285714,0.539714867617108,0.8506493506493507,0.050806492226918576,0.594047619047619,0.5661914460285132,0.8636363636363636,0.03479339438462009,0.6626623376623376,0.639511201629328,0.8896103896103896,0.008093780990453941
strict-candidate,train_kfold,0.0,0.0,0.0,0.5,0.5,0.0,0.0,245.6,0.07143421270947403,0.05923939693262108,0.19870250539240086,0.09822454510259389,0.155864664565013,0.13482223567412382,0.3541927990708479,0.14243929302266783,0.2023149715170621,0.17912138985213813,0.4226381284221006,0.1418171587643962,0.2701564072783585,0.2479045638470554,0.5195553343288535,0.12174077744610348,0.49286012941762075,0.46804686679766644,0.7508644433383109,0.046309954054861414,0.5346083734306731,0.5090223692459686,0.785880205740833,0.03290357744672176,0.5922992091145401,0.5723441148399258,0.8282263149162103,0.007627412960809936,154.0,0.1,0.07331975560081466,0.23376623376623376,0.12943722943722943,0.20573593073593074,0.18126272912423624,0.42207792207792205,0.1852813852813853,0.24956709956709955,0.2219959266802444,0.5064935064935064,0.16906823335394766,0.3138528138528139,0.285132382892057,0.577922077922078,0.13434184862756293,0.5594155844155845,0.5173116089613035,0.8311688311688312,0.04870869442020892,0.5896103896103896,0.5580448065173116,0.8571428571428571,0.03428673852056894,0.6579004329004329,0.6334012219959266,0.8896103896103896,0.0080165281643477
strict-candidate,train_kfold,0.0,0.0,0.0,0.0,0.5,0.0,0.5,245.6,0.07125579337426027,0.058497091798239545,0.19625352580056413,0.09773308998396106,0.15382998727946465,0.13503221617956018,0.35745146839223496,0.14191071922381032,0.20197549914274654,0.17909128352506137,0.42913555666168907,0.1416813993115636,0.27056291134339916,0.24734573960467557,0.5228073668491786,0.12155075398579629,0.496135224821636,0.4697491343958252,0.7516907250705159,0.04648362486040072,0.5337896134063381,0.5080241622457866,0.7834312261489962,0.032841675040753235,0.5945917814280184,0.5752519912442281,0.8290393230462916,0.007666135246547123,154.0,0.09794372294372294,0.07535641547861507,0.24025974025974026,0.1279220779220779,0.21255411255411255,0.17922606924643583,0.42207792207792205,0.18467841682127395,0.27911255411255415,0.24643584521384929,0.5454545454545454,0.18779117707689136,0.36287878787878786,0.3360488798370672,0.6298701298701299,0.1577526369734162,0.5706709956709957,0.5336048879837068,0.8311688311688312,0.050220053491593954,0.6156926406926406,0.5804480651731161,0.8636363636363636,0.035671464452492384,0.6848484848484848,0.659877800407332,0.8961038961038961,0.008351564108386823
strict-candidate,train_kfold,0.0,0.0,0.0,0.25,0.5,0.0,0.25,245.6,0.07150268237376252,0.05921643625243913,0.19870250539240086,0.09827951993805653,0.1546312150876611,0.13431392308101975,0.3525634644101543,0.14184435121319144,0.20193910735025716,0.17884585507475048,0.42345113655218186,0.14159099133265385,0.2703036336485814,0.24759720556430254,0.5219976771196284,0.121607151766435,0.49557375145180027,0.469489210214464,0.7516840882694542,0.046457543306356354,0.535665947679885,0.5092410191377972,0.7858802057408328,0.03292019529198316,0.5929917593053482,0.573329023108751,0.8282263149162103,0.007640324996520368,154.0,0.10086580086580087,0.07331975560081466,0.23376623376623376,0.13051948051948054,0.21320346320346323,0.18126272912423624,0.42857142857142855,0.18811069882498455,0.2720779220779221,0.24236252545824846,0.5194805194805194,0.18441558441558442,0.3634199134199134,0.3340122199592668,0.6623376623376623,0.1568401295674023,0.5768398268398268,0.539714867617108,0.8376623376623377,0.05079602948026467,0.6037878787878788,0.5723014256619144,0.8701298701298701,0.03516340597755784,0.6826839826839828,0.6578411405295316,0.8961038961038961,0.008325744997080633
strict-candidate,train_kfold,0.0,0.25,0.0,0.25,0.5,0.0,0.0,245.6,0.07674780155964825,0.06254658980335656,0.21011116641778665,0.105223162435706,0.15412936231403132,0.133670919735536,0.35177700348432056,0.14171442003049767,0.2052930147668824,0.18243352334154023,0.43729550356728064,0.1444449922438972,0.28259227918809804,0.2577747293175336,0.5431823461091754,0.12699410119220972,0.4918833582213373,0.4655389338748336,0.7492450638792102,0.04608428780794689,0.5331082904706598,0.5094199921240642,0.7801924672307947,0.03293618040886206,0.5922992091145401,0.5723441148399258,0.8282263149162103,0.007627412960809936,154.0,0.09188311688311689,0.06720977596741344,0.21428571428571427,0.11796536796536797,0.19675324675324676,0.15682281059063136,0.4025974025974026,0.16581632653061223,0.2551948051948052,0.21384928716904278,0.5,0.16503298289012577,0.3390692640692641,0.29938900203665986,0.6298701298701299,0.14157292923526688,0.5687229437229437,0.5376782077393075,0.8441558441558441,0.050612569832501335,0.596969696969697,0.570264765784114,0.8636363636363636,0.03504195534746676,0.6579004329004329,0.6334012219959266,0.8896103896103896,0.0080165281643477
strict-candidate,train_kfold,0.0,0.25,0.0,0.0,0.5,0.0,0.25,245.6,0.0766400641557436,0.06255639739621663,0.21011448481831757,0.10508876721420275,0.15416851944029647,0.13343213447939248,0.35177368508378964,0.14160230549827363,0.20480786460925832,0.18122923383763345,0.4348597975775676,0.14361887643171864,0.28303860405951,0.2575362530753266,0.5431823461091754,0.1269169016924119,0.49204595984735355,0.4657739189785441,0.7492450638792102,0.04610785326099272,0.5334348210829047,0.5098905803593583,0.7801924672307947,0.03296727856240919,0.5924624744206626,0.5725928710588313,0.8282263149162103,0.007630645937168797,154.0,0.09188311688311689,0.06720977596741344,0.21428571428571427,0.11796536796536797,0.20259740259740258,0.1629327902240326,0.4155844155844156,0.1716604823747681,0.25725108225108223,0.21792260692464357,0.5064935064935064,0.16745001030715317,0.3390692640692641,0.29938900203665986,0.6233766233766234,0.14157292923526688,0.5735930735930735,0.5417515274949084,0.8441558441558441,0.051000328241650114,0.596969696969697,0.570264765784114,0.8636363636363636,0.03504195534746676,0.6626623376623376,0.639511201629328,0.8896103896103896,0.008093780990453941
strict-candidate,train_kfold,0.0,0.25,0.0,0.0,0.25,0.0,0.5,245.6,0.0762611581217853,0.06182437223853358,0.2076655052264808,0.10440993307892263,0.1540994414025773,0.13320764051703857,0.35258005641280904,0.14142255880284751,0.20455002488800397,0.18052971573381213,0.4364858138377302,0.14310459809165635,0.28029683092749297,0.2568278066256986,0.5407333665173386,0.1264312706263926,0.490678502295227,0.46406672762427237,0.748428737348598,0.04594125104770431,0.5319694154084398,0.5084084686666587,0.7801924672307947,0.032873262791176194,0.5924624744206626,0.5725928710588313,0.8282263149162103,0.007630645937168797,154.0,0.08896103896103896,0.06313645621181263,0.2012987012987013,0.11320346320346321,0.2037878787878788,0.1629327902240326,0.42207792207792205,0.1724335188620903,0.24945887445887444,0.21384928716904278,0.5,0.16398680684394973,0.34480519480519484,0.29938900203665986,0.6233766233766234,0.1419591231279543,0.5748917748917749,0.5437881873727087,0.8441558441558441,0.05118854582117204,0.5985930735930736,0.5723014256619144,0.8636363636363636,0.03516683047234189,0.6659090909090909,0.6415478615071283,0.8896103896103896,0.00811965153425277
strict-candidate,train_kfold,0.0,0.25,0.0,0.25,0.25,0.0,0.25,245.6,0.0759901554117582,0.06157592503356463,0.20685249709639955,0.10400342901388197,0.15377423815054478,0.13272974326494777,0.3517670482827277,0.14101605473780687,0.20563663514186162,0.1814713645882388,0.43811846689895473,0.14390370581062467,0.2813139206902273,0.25731473007287453,0.54154637464742,0.12669570836220911,0.4907333665173386,0.46430833819628303,0.7484320557491289,0.045964209239913206,0.531929428682042,0.5084150941349588,0.7801924672307947,0.032873177096217426,0.5922992091145401,0.5723441148399258,0.8282263149162103,0.007627412960809936,154.0,0.09058441558441557,0.06517311608961303,0.2077922077922078,0.1158008658008658,0.19675324675324676,0.15682281059063136,0.4025974025974026,0.16581632653061223,0.25335497835497833,0.21181262729124237,0.5,0.16355390641104928,0.3412337662337662,0.3014256619144603,0.6233766233766234,0.1425719302342679,0.5719696969696969,0.539714867617108,0.8441558441558441,0.050809342756546985,0.596969696969697,0.570264765784114,0.8636363636363636,0.03504195534746676,0.6626623376623376,0.639511201629328,0.8896103896103896,0.008093780990453941
strict-candidate,train_kfold,0.0,0.25,0.0,0.5,0.25,0.0,0.0,245.6,0.0759901554117582,0.06157592503356463,0.20685249709639955,0.10400342901388197,0.1538542116033405,0.13248782367900055,0.3509507217521155,0.14093309472453325,0.20568884464354847,0.1821940545369002,0.43811514849842376,0.14436463164437283,0.2809057574249212,0.2570794359552274,0.5399137215861954,0.1265596539404404,0.4908948620098446,0.46456362203421026,0.7500580720092915,0.04598767563622677,0.531929428682042,0.5084150941349588,0.7801924672307947,0.032873177096217426,0.5922992091145401,0.5723441148399258,0.8282263149162103,0.007627412960809936,154.0,0.09058441558441557,0.06517311608961303,0.2077922077922078,0.1158008658008658,0.20324675324675326,0.15885947046843177,0.4090909090909091,0.16906307977736548,0.2647186147186147,0.21792260692464357,0.5064935064935064,0.16914553700267987,0.33744588744588744,0.2973523421588595,0.6103896103896104,0.14064528545048025,0.5706709956709957,0.5376782077393075,0.8441558441558441,0.05062112517702506,0.5956709956709957,0.5682281059063137,0.8636363636363636,0.03491826950949521,0.6579004329004329,0.6334012219959266,0.8896103896103896,0.0080165281643477
strict-candidate,train_kfold,0.0,0.0,0.0,0.0,0.0,0.75,0.25,245.6,0.07589558099662629,0.06397779844966689,0.21495271279243405,0.10531375477020077,0.15234251424146894,0.1330422687971267,0.35501908080305294,0.14062486272093042,0.19880897074276865,0.1764095426575221,0.4364858138377302,0.13958167084100387,0.2844381947901112,0.26093542691667254,0.5489132238261158,0.12841790519640198,0.4957761738841879,0.46797231731473304,0.7508611249377799,0.0463257640138598,0.5351134339914827,0.5116016373866865,0.7793661854985896,0.03307588704783902,0.5935890714009181,0.5740517130574124,0.8282263149162103,0.0076500104960130835,154.0,0.10238095238095239,0.07331975560081466,0.23376623376623376,0.13051948051948054,0.20389610389610388,0.164969450101833,0.43506493506493504,0.17393320964749537,0.26525974025974025,0.2240325865580448,0.5064935064935064,0.17249536178107608,0.3786796536796537,0.3319755600814664,0.6558441558441559,0.15710436749397788,0.5788961038961039,0.5478615071283096,0.8441558441558441,0.05157068579511121,0.6135281385281386,0.5845213849287169,0.8701298701298701,0.035917481767963645,0.6848484848484848,0.659877800407332,0.8961038961038961,0.008351564108386823
strict-candidate,train_kfold,0.0,0.5,0.0,0.0,0.5,0.0,0.0,245.6,0.07614053426248549,0.06111080633423571,0.20523643603782976,0.10381638183728777,0.15351794701620486,0.13198331123832946,0.3517703666832587,0.14040398366082787,0.20132863226591452,0.17974398781513007,0.4332238261158122,0.14214365513917532,0.27428068137824235,0.2512524195946545,0.5325933300149328,0.12373344514011513,0.484689010563575,0.45919845539759774,0.7435407333665174,0.04546086106976753,0.5298345224268569,0.5062442166989747,0.7801891488302639,0.032732289907924206,0.5922992091145401,0.5723441148399258,0.8282263149162103,0.007627412960809936,154.0,0.08798701298701299,0.06109979633401222,0.19480519480519481,0.11147186147186149,0.18961038961038962,0.15682281059063136,0.38961038961038963,0.16321892393320964,0.2538961038961039,0.21181262729124237,0.487012987012987,0.16373428159142447,0.33354978354978354,0.29124236252545826,0.5974025974025974,0.13804788285307767,0.5670995670995671,0.5315682281059063,0.8311688311688312,0.05005924034404048,0.5937229437229438,0.5682281059063137,0.8636363636363636,0.03491463169073134,0.6579004329004329,0.6334012219959266,0.8896103896103896,0.0080165281643477
strict-candidate,train_kfold,0.0,0.25,0.0,0.0,0.25,0.5,0.0,245.6,0.07716011282561805,0.061588231202488096,0.2068657706985233,0.10495791161993254,0.15351794701620486,0.13198331123832946,0.3517703666832587,0.14040398366082787,0.20116536695979206,0.179508693697483,0.4332238261158122,0.14198038983305286,0.2735074940545324,0.25051308542017475,0.5325933300149328,0.123372924625289,0.484689010563575,0.4591921389432341,0.7435407333665174,0.04546086106976753,0.5298345224268569,0.5062442166989747,0.7801891488302639,0.032732289907924206,0.5922992091145401,0.5723441148399258,0.8282263149162103,0.007627412960809936,154.0,0.08798701298701299,0.06109979633401222,0.19480519480519481,0.11147186147186149,0.18961038961038962,0.15682281059063136,0.38961038961038963,0.16321892393320964,0.25173160173160175,0.20977596741344195,0.487012987012987,0.16211090496804784,0.33354978354978354,0.29124236252545826,0.5974025974025974,0.13804788285307767,0.5670995670995671,0.5315682281059063,0.8311688311688312,0.05005924034404048,0.5937229437229438,0.5682281059063137,0.8636363636363636,0.03491463169073134,0.6579004329004329,0.6334012219959266,0.8896103896103896,0.0080165281643477
strict-candidate,train_kfold,0.0,0.25,0.0,0.0,0.0,0.25,0.5,245.6,0.07598904927824789,0.06159857669981006,0.2068491786958686,0.1040017698136165,0.15239212432940658,0.13199071810440455,0.35014103202256514,0.14008109538821337,0.20086455395166197,0.17879552005361238,0.4324074995852,0.14148429158732795,0.27596576516785576,0.2524640769085841,0.535842044134727,0.12434153468897122,0.4877462529727338,0.4609458041651194,0.7468027210884354,0.04563006314870181,0.5294850948509484,0.5064758563082233,0.777746806039489,0.03274744615159317,0.5924624744206626,0.5725928710588313,0.8282263149162103,0.007630645937168797,154.0,0.08896103896103896,0.06313645621181263,0.2012987012987013,0.11320346320346321,0.19675324675324676,0.15682281059063136,0.4025974025974026,0.16581632653061223,0.25173160173160175,0.20977596741344195,0.487012987012987,0.16211090496804784,0.33831168831168834,0.2973523421588595,0.6168831168831169,0.1407784855836804,0.5727272727272728,0.5417515274949084,0.8441558441558441,0.050994709806440504,0.595995670995671,0.5682281059063137,0.8636363636363636,0.03491945879639879,0.6659090909090909,0.6415478615071283,0.8896103896103896,0.00811965153425277
strict-candidate,train_kfold,0.0,0.5,0.0,0.25,0.25,0.0,0.0,245.6,0.07729351252696201,0.06255670641015317,0.21011780321884851,0.1056337591947348,0.15259487860184723,0.13174118048772415,0.34851169736187154,0.13992939707822732,0.2021856092030308,0.17998956190947563,0.43566948730711796,0.14243383083004785,0.27224727614623084,0.24909035718909736,0.5293346606935457,0.12267895878249288,0.4841192411924119,0.45870443409828326,0.7443537414965986,0.0454125628211966,0.5301900337370721,0.506711459439807,0.7801891488302639,0.032763369182208034,0.5922992091145401,0.5723441148399258,0.8282263149162103,0.007627412960809936,154.0,0.09058441558441557,0.06517311608961303,0.2077922077922078,0.1158008658008658,0.19350649350649352,0.15478615071283094,0.3961038961038961,0.16321892393320964,0.2551948051948052,0.21384928716904278,0.4935064935064935,0.16503298289012577,0.3348484848484849,0.29327902240325865,0.6038961038961039,0.13891368371887852,0.5683982683982683,0.5336048879837068,0.8311688311688312,0.0502474579235624,0.5924242424242424,0.5661914460285132,0.8636363636363636,0.03479094585275979,0.6579004329004329,0.6334012219959266,0.8896103896103896,0.0080165281643477
strict-candidate,train_kfold,0.0,0.5,0.0,0.0,0.25,0.0,0.25,245.6,0.07713024722083955,0.0623079501912477,0.20930147668823626,0.10536165035119738,0.15259487860184723,0.13174118048772415,0.34851169736187154,0.13992939707822732,0.20202234389690837,0.17975426779182854,0.43566948730711796,0.14227056552392542,0.2741333443946684,0.25054950820161515,0.5325933300149328,0.12341130801061115,0.48395663956639573,0.4584623033476779,0.7443537414965986,0.04538899736815076,0.5301900337370721,0.506711459439807,0.7801891488302639,0.032763369182208034,0.5924624744206626,0.5725928710588313,0.8282263149162103,0.007630645937168797,154.0,0.08928571428571429,0.06313645621181263,0.2012987012987013,0.11363636363636363,0.19480519480519481,0.15682281059063136,0.3961038961038961,0.16484230055658627,0.25173160173160175,0.20977596741344195,0.487012987012987,0.16211090496804784,0.3326839826839827,0.29124236252545826,0.5974025974025974,0.13791468271987753,0.5662337662337662,0.5315682281059063,0.8311688311688312,0.050053621908830864,0.5924242424242424,0.5661914460285132,0.8636363636363636,0.03479094585275979,0.6626623376623376,0.639511201629328,0.8896103896103896,0.008093780990453941
strict-candidate,train_kfold,0.0,0.25,0.0,0.25,0.25,0.25,0.0,245.6,0.07736153973784636,0.06254324430889475,0.21011780321884851,0.10571539184779603,0.1523108235163984,0.13174384243368942,0.34933134229301477,0.13977912093989747,0.20432879818594105,0.18120299318361316,0.43729550356728053,0.14357120207742408,0.2770397101930203,0.252955793070626,0.5358519993363199,0.12460107062894518,0.4879884962114927,0.4623723980692532,0.7467960842873735,0.045771735452520515,0.5307062662463359,0.5069770232544326,0.7793761407001825,0.03277955172504689,0.5922992091145401,0.5723441148399258,0.8282263149162103,0.007627412960809936,154.0,0.09058441558441557,0.06517311608961303,0.2077922077922078,0.1158008658008658,0.19350649350649352,0.15478615071283094,0.3961038961038961,0.16321892393320964,0.2603896103896104,0.21384928716904278,0.5,0.16589878375592662,0.33614718614718614,0.2953156822810591,0.6103896103896104,0.1397794845846794,0.5693722943722944,0.5356415478615071,0.8441558441558441,0.05043290759750313,0.5924242424242424,0.5661914460285132,0.8636363636363636,0.03479094585275979,0.6579004329004329,0.6334012219959266,0.8896103896103896,0.0080165281643477
strict-candidate,train_kfold,0.0,0.25,0.0,0.0,0.25,0.25,0.25,245.6,0.07756479177036668,0.06278219293494015,0.21093081134892983,0.10604059509982855,0.15224307283889166,0.13172088175350743,0.34770200763232123,0.13974040626703643,0.20363707759526575,0.1802508531878299,0.43648249543719925,0.1429020650459177,0.2759014988109064,0.25222626648900637,0.5350389912062385,0.12423644880090874,0.4892113268071456,0.46286010291420404,0.7476124108179858,0.04582148980192643,0.5308695315524583,0.5072123173720797,0.7793761407001825,0.03279510080182046,0.5924624744206626,0.5725928710588313,0.8282263149162103,0.007630645937168797,154.0,0.09058441558441557,0.06517311608961303,0.2077922077922078,0.1158008658008658,0.19480519480519481,0.15682281059063136,0.3961038961038961,0.16484230055658627,0.25303030303030305,0.21181262729124237,0.4935064935064935,0.16340960626674914,0.3377705627705628,0.2973523421588595,0.6168831168831169,0.14070712836946603,0.5722943722943723,0.539714867617108,0.8441558441558441,0.050812110662128186,0.596969696969697,0.570264765784114,0.8636363636363636,0.03504195534746676,0.6626623376623376,0.639511201629328,0.8896103896103896,0.008093780990453941
strict-candidate,train_kfold,0.0,0.5,0.0,0.0,0.25,0.25,0.0,245.6,0.07688800398208065,0.06135293708484104,0.20604944416791104,0.10454974835462641,0.15237508987334772,0.13126396678412985,0.3493213870914219,0.13958765713021562,0.20172025883524142,0.17975761328629036,0.43403683424589345,0.14227073144395197,0.27133062330623303,0.24930969062942263,0.5293280238924838,0.12270121538215117,0.4839159891598916,0.458459121223118,0.7443537414965986,0.04538865081737068,0.5275824345998562,0.5043082588460776,0.777746806039489,0.03260630565993501,0.5922992091145401,0.5723441148399258,0.8282263149162103,0.007627412960809936,154.0,0.08798701298701299,0.06109979633401222,0.19480519480519481,0.11147186147186149,0.18831168831168832,0.15478615071283094,0.38961038961038963,0.16159554730983303,0.25303030303030305,0.21181262729124237,0.4935064935064935,0.16340960626674914,0.33225108225108224,0.2892057026476578,0.5974025974025974,0.1371820819872768,0.564935064935065,0.5295315682281059,0.8311688311688312,0.049865404329308936,0.5895021645021645,0.5621181262729125,0.8636363636363636,0.03454238488991312,0.6579004329004329,0.6334012219959266,0.8896103896103896,0.0080165281643477
strict-candidate,train_kfold,0.0,0.25,0.0,0.25,0.0,0.25,0.25,245.6,0.07571804656822079,0.06135012949484112,0.2060361705657873,0.10359526574857585,0.15182235495824345,0.13151011111159222,0.3493280238924838,0.13955181050352777,0.20285974227089207,0.17978011930850116,0.43403683424589345,0.14237067324026012,0.27433742602732153,0.2517387250139574,0.5342127094740335,0.12392171679877007,0.4880714562247664,0.46142688354177014,0.7476157292185167,0.04567719405479348,0.529377357447044,0.5064824817765234,0.777746806039489,0.03274720866273409,0.5922992091145401,0.5723441148399258,0.8282263149162103,0.007627412960809936,154.0,0.09058441558441557,0.06517311608961303,0.2077922077922078,0.1158008658008658,0.19350649350649352,0.15478615071283094,0.3961038961038961,0.16321892393320964,0.24913419913419912,0.20570264765784113,0.4805194805194805,0.15951350237064524,0.33831168831168834,0.2973523421588595,0.6103896103896104,0.1407784855836804,0.5685064935064935,0.5356415478615071,0.8441558441558441,0.05042728916229352,0.5943722943722943,0.5661914460285132,0.8636363636363636,0.03479458367152366,0.6626623376623376,0.639511201629328,0.8896103896103896,0.008093780990453941
strict-candidate,train_kfold,0.0,0.5,0.25,0.0,0.25,0.0,0.0,245.6,0.070175764614789,0.06008254752913077,0.20194458271113325,0.09832144239809745,0.15155798904927825,0.13182138060239185,0.3444333831093413,0.13954156296665007,0.19782373762513134,0.17571512402273742,0.41936618549858967,0.13911776898138273,0.2687670482827277,0.2469454127377489,0.5203816160610586,0.12144425167222579,0.4870017698136165,0.4626596797809174,0.7451767048282727,0.0457836770192676,0.5314833250373321,0.5074364044712187,0.7793761407001825,0.03280972814121603,0.5924624744206626,0.5725928710588313,0.8282263149162103,0.007630645937168797,154.0,0.10324675324675325,0.07535641547861507,0.24025974025974026,0.13376623376623378,0.21461038961038958,0.17718940936863545,0.44155844155844154,0.1855287569573284,0.27554112554112553,0.23421588594704684,0.538961038961039,0.18043186971758401,0.38051948051948054,0.34012219959266804,0.6493506493506493,0.16041685587140134,0.5813852813852813,0.5478615071283096,0.8636363636363636,0.05155996367828396,0.6066017316017316,0.5804480651731161,0.8636363636363636,0.03565929036593607,0.6766233766233767,0.6496945010183299,0.8961038961038961,0.008222775313574366
strict-candidate,train_kfold,0.0,0.5,0.25,0.0,0.0,0.25,0.0,245.6,0.07044676732481611,0.060321496155176166,0.20275759084121453,0.09872794646313811,0.15193739284331617,0.13158561410090638,0.3452463912394226,0.1394738122891433,0.19785111442951164,0.17571194189817746,0.4201825120292019,0.13912237787100903,0.26852148664343783,0.24696252934740565,0.5203816160610586,0.12141659833446794,0.4861854432830043,0.4624243856632703,0.7443603782976604,0.04575855927986415,0.5313200597312095,0.5071876482523132,0.7793761407001825,0.032794179064442465,0.5924624744206626,0.5725928710588313,0.8282263149162103,0.007630645937168797,154.0,0.10108225108225108,0.07331975560081466,0.23376623376623376,0.13051948051948054,0.2133116883116883,0.17515274949083504,0.43506493506493504,0.18390538033395176,0.2733766233766234,0.23217922606924643,0.5324675324675324,0.17880849309420738,0.3821428571428572,0.3421588594704684,0.6493506493506493,0.16134449965618797,0.5800865800865801,0.5458248472505092,0.8636363636363636,0.05137174609876203,0.6066017316017316,0.5804480651731161,0.8636363636363636,0.03565929036593607,0.6766233766233767,0.6496945010183299,0.8961038961038961,0.008222775313574366
strict-candidate,train_kfold,0.0,0.75,0.0,0.0,0.25,0.0,0.0,245.6,0.07672540235606437,0.06111080633423571,0.20523643603782976,0.10427874564459931,0.15221414744759693,0.13103164362638461,0.34769868923179026,0.1393857324579077,0.20172025883524142,0.17975447895648666,0.43484984237597474,0.14227073144395197,0.27133062330623303,0.24930969062942263,0.5293280238924838,0.12270121538215117,0.48293706100326317,0.45796823425360716,0.7443504230960677,0.045339967624921394,0.5273783529672031,0.504059502627172,0.777746806039489,0.03259060707280785,0.5922992091145401,0.5723441148399258,0.8282263149162103,0.007627412960809936,154.0,0.08798701298701299,0.06109979633401222,0.19480519480519481,0.11147186147186149,0.18831168831168832,0.15478615071283094,0.38961038961038963,0.16159554730983303,0.25303030303030305,0.21181262729124237,0.4935064935064935,0.16340960626674914,0.33095238095238094,0.28716904276985744,0.5974025974025974,0.13631628112147592,0.564935064935065,0.5295315682281059,0.8311688311688312,0.049865404329308936,0.5895021645021645,0.5621181262729125,0.8636363636363636,0.03454238488991312,0.6579004329004329,0.6334012219959266,0.8896103896103896,0.0080165281643477
strict-candidate,train_kfold,0.0,0.25,0.0,0.5,0.0,0.25,0.0,245.6,0.07544593772468337,0.06110137327593564,0.20521984403517504,0.10318710248326975,0.15112997068746198,0.13077761357007076,0.3460693545710967,0.13884747999083488,0.2024091034787899,0.1797703117156411,0.4324008627841381,0.14231271184431962,0.2743911841159228,0.2520069507745483,0.53258337481334,0.12401337272317861,0.487258448094685,0.4611784363368011,0.7468027210884354,0.04565217842002175,0.529377357447044,0.5064824817765234,0.777746806039489,0.03274720866273409,0.5922992091145401,0.5723441148399258,0.8282263149162103,0.007627412960809936,154.0,0.09058441558441557,0.06517311608961303,0.2077922077922078,0.1158008658008658,0.2,0.15682281059063136,0.4025974025974026,0.16646567717996288,0.2603896103896104,0.21384928716904278,0.5,0.16589878375592662,0.33614718614718614,0.2953156822810591,0.6103896103896104,0.1397794845846794,0.5688311688311688,0.5356415478615071,0.8506493506493507,0.05043005706787473,0.5895021645021645,0.5621181262729125,0.8636363636363636,0.03454238488991312,0.6579004329004329,0.6334012219959266,0.8896103896103896,0.0080165281643477
strict-candidate,train_kfold,0.0,0.5,0.25,0.25,0.0,0.0,0.0,245.6,0.070175764614789,0.06008254752913077,0.20194458271113325,0.09832144239809745,0.14969747248492893,0.130624447910038,0.3419877219180355,0.13810070555516052,0.19691300259941374,0.17547586638275547,0.41936618549858967,0.13883485690056124,0.26835888501742156,0.24671011862010186,0.5195652895304463,0.12130819725045709,0.4871110004977601,0.4626663052492175,0.7459897129583541,0.0457844780656428,0.5298013384215474,0.50623550825653,0.777746806039489,0.03273095645817829,0.5924624744206626,0.5725928710588313,0.8282263149162103,0.007630645937168797,154.0,0.1077922077922078,0.07942973523421588,0.2532467532467532,0.14025974025974028,0.21461038961038958,0.17718940936863545,0.44155844155844154,0.1855287569573284,0.27554112554112553,0.23421588594704684,0.538961038961039,0.18043186971758401,0.3813852813852814,0.3421588594704684,0.6493506493506493,0.16132309249192364,0.5800865800865801,0.5458248472505092,0.8636363636363636,0.05137174609876203,0.6066017316017316,0.5804480651731161,0.8636363636363636,0.03565929036593607,0.6766233766233767,0.6496945010183299,0.8961038961038961,0.008222775313574366
strict-candidate,train_kfold,0.0,0.5,0.25,0.0,0.0,0.0,0.25,245.6,0.070175764614789,0.06008254752913077,0.20194458271113325,0.09832144239809745,0.14969747248492893,0.130624447910038,0.3419877219180355,0.13810070555516052,0.19664089375587634,0.17522711016385,0.4185498589679774,0.13863077526790818,0.26852215032354404,0.2469454127377489,0.5203816160610586,0.12141704078787205,0.4871110004977601,0.4626663052492175,0.7459897129583541,0.0457844780656428,0.5299108456390687,0.5062286716235717,0.7785631325701011,0.032731321589628305,0.5924624744206626,0.5725928710588313,0.8282263149162103,0.007630645937168797,154.0,0.1077922077922078,0.07942973523421588,0.2532467532467532,0.14025974025974028,0.21461038961038958,0.17718940936863545,0.44155844155844154,0.1855287569573284,0.27554112554112553,0.23421588594704684,0.538961038961039,0.18043186971758401,0.3813852813852814,0.3421588594704684,0.6493506493506493,0.16132309249192364,0.5800865800865801,0.5458248472505092,0.8636363636363636,0.05137174609876203,0.6066017316017316,0.5804480651731161,0.8636363636363636,0.03565929036593607,0.6766233766233767,0.6496945010183299,0.8961038961038961,0.008222775313574366
strict-candidate,train_kfold,0.0,0.5,0.0,0.5,0.0,0.0,0.0,245.6,0.07661434655162878,0.06183370744755523,0.20767214202754275,0.10457419390520435,0.150221447928765,0.1297882693950722,0.3428140036502406,0.13789233370467815,0.20196731375477023,0.1792699084413395,0.43403683424589345,0.14193678973718798,0.272613295724794,0.24956507231662822,0.5301410320225651,0.12290353548890134,0.48439356230297,0.45847842739490163,0.7435407333665174,0.04538914276178923,0.52823914606493,0.5054847294343128,0.7777501244400199,0.032684354252677385,0.5922992091145401,0.5723441148399258,0.8282263149162103,0.007627412960809936,154.0,0.09058441558441557,0.06517311608961303,0.2077922077922078,0.1158008658008658,0.2,0.15682281059063136,0.4025974025974026,0.16646567717996288,0.2551948051948052,0.21384928716904278,0.5,0.16503298289012577,0.3352813852813853,0.2953156822810591,0.6038961038961039,0.13964628445147925,0.5662337662337662,0.5315682281059063,0.8311688311688312,0.050053621908830864,0.5911255411255412,0.5641547861507128,0.8636363636363636,0.03466726001478824,0.6579004329004329,0.6334012219959266,0.8896103896103896,0.0080165281643477
strict-candidate,train_kfold,0.0,0.25,0.0,0.25,0.0,0.5,0.0,245.6,0.07692682926829268,0.06208246366646071,0.20848846855815495,0.1050362258724628,0.15011304684475416,0.1297882693950722,0.3428140036502406,0.13782458302717138,0.20169714064487584,0.17903758528359423,0.4348531607765057,0.1417342751270078,0.2727758973508102,0.2498135195215972,0.5309573585531774,0.12301193657291218,0.48423162435705985,0.4582263256815343,0.7435440517670482,0.04536567349426603,0.5278309827996239,0.5052359732154074,0.7777501244400199,0.03266834785011636,0.5922992091145401,0.5723441148399258,0.8282263149162103,0.007627412960809936,154.0,0.09058441558441557,0.06517311608961303,0.2077922077922078,0.1158008658008658,0.19350649350649352,0.15478615071283094,0.3961038961038961,0.16321892393320964,0.2538961038961039,0.21181262729124237,0.4935064935064935,0.16373428159142447,0.3352813852813853,0.2953156822810591,0.6038961038961039,0.13964628445147925,0.5662337662337662,0.5315682281059063,0.8311688311688312,0.050053621908830864,0.5911255411255412,0.5641547861507128,0.8636363636363636,0.03466726001478824,0.6579004329004329,0.6334012219959266,0.8896103896103896,0.0080165281643477
strict-candidate,train_kfold,0.0,0.5,0.0,0.0,0.0,0.25,0.25,245.6,0.07725468724074995,0.06159188571088644,0.20686245229799236,0.10503843813948344,0.1495262430175322,0.1300435532329994,0.34280736684917873,0.1377973800437713,0.20206188816990212,0.17975792230022689,0.43648249543719925,0.1422878027711278,0.2717262872628726,0.2488386300102901,0.5293280238924838,0.12252511340216668,0.4824509153254798,0.4570124397494256,0.7435407333665174,0.04524501522759057,0.52721608318124,0.5040322694107188,0.7769337979094078,0.0325908433559574,0.5924624744206626,0.5725928710588313,0.8282263149162103,0.007630645937168797,154.0,0.08928571428571429,0.06313645621181263,0.2012987012987013,0.11363636363636363,0.19350649350649352,0.15478615071283094,0.3961038961038961,0.16321892393320964,0.25173160173160175,0.20977596741344195,0.487012987012987,0.16211090496804784,0.3313852813852814,0.2892057026476578,0.5974025974025974,0.13704888185407665,0.5662337662337662,0.5315682281059063,0.8311688311688312,0.050053621908830864,0.5911255411255412,0.5641547861507128,0.8636363636363636,0.03466726001478824,0.6626623376623376,0.639511201629328,0.8896103896103896,0.008093780990453941
strict-candidate,train_kfold,0.0,0.5,0.0,0.25,0.0,0.25,0.0,245.6,0.07725468724074995,0.06159188571088644,0.20686245229799236,0.10503843813948344,0.14941850561362757,0.13005336082585947,0.34281068524970965,0.13773045896639724,0.20172313478236825,0.1795252901285451,0.43566948730711796,0.1420619671794386,0.2705880758807588,0.24811541988303404,0.5277020076323212,0.1221604915741302,0.4824509153254798,0.4570124397494256,0.7435407333665174,0.04524501522759057,0.5270528178751175,0.5038104373943301,0.7769337979094078,0.03257529427918383,0.5922992091145401,0.5723441148399258,0.8282263149162103,0.007627412960809936,154.0,0.09058441558441557,0.06517311608961303,0.2077922077922078,0.1158008658008658,0.19350649350649352,0.15478615071283094,0.3961038961038961,0.16321892393320964,0.2538961038961039,0.21181262729124237,0.487012987012987,0.16373428159142447,0.3313852813852814,0.2892057026476578,0.5974025974025974,0.13704888185407665,0.5662337662337662,0.5315682281059063,0.8311688311688312,0.050053621908830864,0.5911255411255412,0.5641547861507128,0.8636363636363636,0.03466726001478824,0.6579004329004329,0.6334012219959266,0.8896103896103896,0.0080165281643477
strict-candidate,train_kfold,0.0,0.5,0.0,0.25,0.0,0.0,0.25,245.6,0.07661434655162878,0.06183370744755523,0.20767214202754275,0.10457419390520435,0.14995110889884408,0.1295464476584034,0.34281732205077153,0.1376221605947838,0.20200730048116808,0.179044112902616,0.43484984237597474,0.1418251439948802,0.2731840606161164,0.25004881363924425,0.5309573585531774,0.1231479909946809,0.4842724406835905,0.45824610423715634,0.7435440517670482,0.045366021459539094,0.528808251755987,0.5059816238442507,0.7785631325701012,0.03271578145770574,0.5922992091145401,0.5723441148399258,0.8282263149162103,0.007627412960809936,154.0,0.09058441558441557,0.06517311608961303,0.2077922077922078,0.1158008658008658,0.19350649350649352,0.15478615071283094,0.3961038961038961,0.16321892393320964,0.25303030303030305,0.21181262729124237,0.4935064935064935,0.16340960626674914,0.33398268398268394,0.29327902240325865,0.6038961038961039,0.1387804835856784,0.5662337662337662,0.5315682281059063,0.8311688311688312,0.050053621908830864,0.5911255411255412,0.5641547861507128,0.8636363636363636,0.03466726001478824,0.6626623376623376,0.639511201629328,0.8896103896103896,0.008093780990453941
strict-candidate,train_kfold,0.0,0.25,0.0,0.0,0.0,0.5,0.25,245.6,0.07649256125214313,0.06159157669694991,0.2068591338974614,0.10435761296388475,0.1499504452187379,0.12953032361117972,0.3428140036502406,0.13762133099465107,0.20214446103644707,0.17905073837091612,0.435666168906587,0.14185512811396336,0.273861014324429,0.25028776226528965,0.5325866932138709,0.12328534492994422,0.48414932802389254,0.4584581286606849,0.7443603782976606,0.045388163418286026,0.5284000884906808,0.5057328676253452,0.7785631325701012,0.032699775055144716,0.5924624744206626,0.5725928710588313,0.8282263149162103,0.007630645937168797,154.0,0.09058441558441557,0.06517311608961303,0.2077922077922078,0.1158008658008658,0.19480519480519481,0.15682281059063136,0.3961038961038961,0.16484230055658627,0.25173160173160175,0.20977596741344195,0.487012987012987,0.16211090496804784,0.3326839826839827,0.29124236252545826,0.6038961038961039,0.13791468271987753,0.5675324675324676,0.5336048879837068,0.8311688311688312,0.0502418394883528,0.5911255411255412,0.5641547861507128,0.8636363636363636,0.03466726001478824,0.6626623376623376,0.639511201629328,0.8896103896103896,0.008093780990453941
strict-candidate,train_kfold,0.0,0.5,0.0,0.0,0.0,0.0,0.5,245.6,0.07698102981029811,0.062330910871429654,0.20930147668823626,0.10517172722747636,0.1499504452187379,0.12953664006554333,0.34281400365024056,0.13762133099465107,0.20200730048116808,0.179044112902616,0.43484984237597474,0.1418251439948802,0.2742691775897351,0.2505230563829367,0.5325866932138709,0.12342139935171295,0.48402754272440685,0.4582231435569744,0.7443603782976606,0.045364945930513254,0.5284000884906808,0.5057328676253452,0.7785631325701012,0.032699775055144716,0.5924624744206626,0.5725928710588313,0.8282263149162103,0.007630645937168797,154.0,0.09058441558441557,0.06517311608961303,0.2077922077922078,0.1158008658008658,0.19480519480519481,0.15682281059063136,0.3961038961038961,0.16484230055658627,0.25303030303030305,0.21181262729124237,0.4935064935064935,0.16340960626674914,0.3326839826839827,0.29124236252545826,0.6038961038961039,0.13791468271987753,0.5675324675324676,0.5336048879837068,0.8311688311688312,0.0502418394883528,0.5911255411255412,0.5641547861507128,0.8636363636363636,0.03466726001478824,0.6626623376623376,0.639511201629328,0.8896103896103896,0.008093780990453941
strict-candidate,train_kfold,0.0,0.0,0.0,0.0,0.0,1.0,0.0,245.6,0.07688800398208065,0.06135925353920466,0.2060494441679111,0.10454974835462641,0.1495803329461866,0.12958277259056536,0.3428140036502406,0.13756641936681757,0.20176090924174547,0.17974733330959186,0.43484984237597474,0.1422887982912871,0.27090879929207456,0.24809929583581036,0.5285116973618715,0.12215657844727035,0.4817700901498811,0.45674468637267307,0.7435374149659864,0.045220265198784165,0.5253963829434213,0.5026071404528564,0.7769337979094078,0.032496067703400786,0.5922992091145401,0.5723441148399258,0.8282263149162103,0.007627412960809936,154.0,0.08798701298701299,0.06109979633401222,0.19480519480519481,0.11147186147186149,0.18831168831168832,0.15478615071283094,0.3961038961038961,0.16159554730983303,0.25173160173160175,0.20977596741344195,0.487012987012987,0.16211090496804784,0.32932900432900436,0.285132382892057,0.5909090909090909,0.13538863733668927,0.564935064935065,0.5295315682281059,0.8311688311688312,0.049865404329308936,0.5908008658008658,0.5641547861507128,0.8636363636363636,0.03466607072788467,0.6579004329004329,0.6334012219959266,0.8896103896103896,0.0080165281643477
strict-candidate,train_kfold,0.0,0.25,0.0,0.0,0.0,0.75,0.0,245.6,0.07688800398208065,0.06135925353920466,0.2060494441679111,0.10454974835462641,0.1495803329461866,0.12958277259056536,0.3428140036502406,0.13756641936681757,0.20176090924174547,0.17974733330959186,0.43484984237597474,0.1422887982912871,0.27090879929207456,0.24809929583581036,0.5285116973618715,0.12215657844727035,0.4817700901498811,0.45674468637267307,0.7435374149659864,0.045220265198784165,0.5253963829434213,0.5026071404528564,0.7769337979094078,0.032496067703400786,0.5922992091145401,0.5723441148399258,0.8282263149162103,0.007627412960809936,154.0,0.08798701298701299,0.06109979633401222,0.19480519480519481,0.11147186147186149,0.18831168831168832,0.15478615071283094,0.3961038961038961,0.16159554730983303,0.25173160173160175,0.20977596741344195,0.487012987012987,0.16211090496804784,0.32932900432900436,0.285132382892057,0.5909090909090909,0.13538863733668927,0.564935064935065,0.5295315682281059,0.8311688311688312,0.049865404329308936,0.5908008658008658,0.5641547861507128,0.8636363636363636,0.03466607072788467,0.6579004329004329,0.6334012219959266,0.8896103896103896,0.0080165281643477
strict-candidate,train_kfold,0.0,0.5,0.0,0.0,0.0,0.5,0.0,245.6,0.07688800398208065,0.06135925353920466,0.2060494441679111,0.10454974835462641,0.1495803329461866,0.12958277259056536,0.3428140036502406,0.13756641936681757,0.20176090924174547,0.17974733330959186,0.43484984237597474,0.1422887982912871,0.27090879929207456,0.24809929583581036,0.5285116973618715,0.12215657844727035,0.4817700901498811,0.45674468637267307,0.7435374149659864,0.045220265198784165,0.5253963829434213,0.5026071404528564,0.7769337979094078,0.032496067703400786,0.5922992091145401,0.5723441148399258,0.8282263149162103,0.007627412960809936,154.0,0.08798701298701299,0.06109979633401222,0.19480519480519481,0.11147186147186149,0.18831168831168832,0.15478615071283094,0.3961038961038961,0.16159554730983303,0.25173160173160175,0.20977596741344195,0.487012987012987,0.16211090496804784,0.32932900432900436,0.285132382892057,0.5909090909090909,0.13538863733668927,0.564935064935065,0.5295315682281059,0.8311688311688312,0.049865404329308936,0.5908008658008658,0.5641547861507128,0.8636363636363636,0.03466607072788467,0.6579004329004329,0.6334012219959266,0.8896103896103896,0.0080165281643477
strict-candidate,train_kfold,0.0,0.75,0.0,0.0,0.0,0.25,0.0,245.6,0.07688800398208065,0.06135925353920466,0.2060494441679111,0.10454974835462641,0.1495803329461866,0.12958277259056536,0.3428140036502406,0.13756641936681757,0.20176090924174547,0.17974733330959186,0.43484984237597474,0.1422887982912871,0.27090879929207456,0.24809929583581036,0.5285116973618715,0.12215657844727035,0.4817700901498811,0.45674468637267307,0.7435374149659864,0.045220265198784165,0.5253963829434213,0.5026071404528564,0.7769337979094078,0.032496067703400786,0.5922992091145401,0.5723441148399258,0.8282263149162103,0.007627412960809936,154.0,0.08798701298701299,0.06109979633401222,0.19480519480519481,0.11147186147186149,0.18831168831168832,0.15478615071283094,0.3961038961038961,0.16159554730983303,0.25173160173160175,0.20977596741344195,0.487012987012987,0.16211090496804784,0.32932900432900436,0.285132382892057,0.5909090909090909,0.13538863733668927,0.564935064935065,0.5295315682281059,0.8311688311688312,0.049865404329308936,0.5908008658008658,0.5641547861507128,0.8636363636363636,0.03466607072788467,0.6579004329004329,0.6334012219959266,0.8896103896103896,0.0080165281643477
strict-candidate,train_kfold,0.0,1.0,0.0,0.0,0.0,0.0,0.0,245.6,0.07688800398208065,0.06135925353920466,0.2060494441679111,0.10454974835462641,0.1495803329461866,0.12958277259056536,0.3428140036502406,0.13756641936681757,0.20176090924174547,0.17974733330959186,0.43484984237597474,0.1422887982912871,0.27090879929207456,0.24809929583581036,0.5285116973618715,0.12215657844727035,0.4817700901498811,0.45674468637267307,0.7435374149659864,0.045220265198784165,0.5253963829434213,0.5026071404528564,0.7769337979094078,0.032496067703400786,0.5922992091145401,0.5723441148399258,0.8282263149162103,0.007627412960809936,154.0,0.08798701298701299,0.06109979633401222,0.19480519480519481,0.11147186147186149,0.18831168831168832,0.15478615071283094,0.3961038961038961,0.16159554730983303,0.25173160173160175,0.20977596741344195,0.487012987012987,0.16211090496804784,0.32932900432900436,0.285132382892057,0.5909090909090909,0.13538863733668927,0.564935064935065,0.5295315682281059,0.8311688311688312,0.049865404329308936,0.5908008658008658,0.5641547861507128,0.8636363636363636,0.03466607072788467,0.6579004329004329,0.6334012219959266,0.8896103896103896,0.0080165281643477
strict-candidate,train_kfold,0.0,0.75,0.0,0.25,0.0,0.0,0.0,245.6,0.07700912560146009,0.06160503879820832,0.2068591338974614,0.10476522316243571,0.14920037608539352,0.1295558483880485,0.3419943587190974,0.13739004637859792,0.2024959349593496,0.1802255395756192,0.43648249543719925,0.14265382234969096,0.2709506111387644,0.24858037521246107,0.5285116973618715,0.12238443333117302,0.48147198716885126,0.45651523632555113,0.7427244068359051,0.04519633203514128,0.526238814224877,0.5033333215400142,0.7769337979094078,0.032543409748368016,0.5922992091145401,0.5723441148399258,0.8282263149162103,0.007627412960809936,154.0,0.09058441558441557,0.06517311608961303,0.2077922077922078,0.1158008658008658,0.19350649350649352,0.15478615071283094,0.3961038961038961,0.16321892393320964,0.25173160173160175,0.20977596741344195,0.487012987012987,0.16211090496804784,0.33354978354978354,0.29124236252545826,0.6038961038961039,0.13804788285307767,0.5662337662337662,0.5315682281059063,0.8311688311688312,0.050053621908830864,0.5911255411255412,0.5641547861507128,0.8636363636363636,0.03466726001478824,0.6579004329004329,0.6334012219959266,0.8896103896103896,0.0080165281643477
strict-candidate,train_kfold,0.0,0.0,0.0,0.25,0.0,0.75,0.0,245.6,0.07434710469553676,0.062319467087005934,0.2092450638792102,0.10297704772966099,0.14775814390796968,0.13035570423061832,0.34769868923179026,0.13714028143196882,0.1974470991648692,0.1761182105727145,0.4291521486643438,0.13924020742636972,0.2848703611525911,0.26236534858940097,0.5464609258337482,0.12903923928513278,0.494611581217853,0.46769376378268734,0.7500547536087605,0.04629932418426007,0.5354393009236215,0.5120925243561973,0.7793728222996515,0.033106921993757,0.5922992091145401,0.5723441148399258,0.8282263149162103,0.007627412960809936,154.0,0.10519480519480519,0.07128309572301425,0.22727272727272727,0.1316017316017316,0.19642857142857142,0.15682281059063136,0.4025974025974026,0.16558441558441558,0.2536796536796537,0.20977596741344195,0.4805194805194805,0.16266749123891983,0.3606060606060606,0.32382892057026474,0.6623376623376623,0.1527831475883424,0.5705627705627705,0.5376782077393075,0.8571428571428571,0.05060712814341786,0.6166666666666667,0.5804480651731161,0.8766233766233766,0.03567622092090228,0.6579004329004329,0.6334012219959266,0.8896103896103896,0.0080165281643477
strict-candidate,train_kfold,0.0,0.75,0.0,0.0,0.0,0.0,0.25,245.6,0.07741728886676622,0.061840332915855376,0.20767546042807367,0.10530944084951052,0.14876610806924395,0.12907842351979615,0.3411813505890161,0.13691496203591774,0.20233333333333334,0.1799865909495738,0.43566948730711796,0.14249122072367468,0.27156368563685634,0.24859018280532114,0.5285150157624026,0.12241671231815583,0.4822883136994635,0.4567639925444566,0.7435407333665174,0.04522144977454473,0.526238814224877,0.5033333215400142,0.7769337979094078,0.032543409748368016,0.5924624744206626,0.5725928710588313,0.8282263149162103,0.007630645937168797,154.0,0.08928571428571429,0.06313645621181263,0.2012987012987013,0.11363636363636363,0.19480519480519481,0.15682281059063136,0.4025974025974026,0.16484230055658627,0.25173160173160175,0.20977596741344195,0.487012987012987,0.16211090496804784,0.3313852813852814,0.2892057026476578,0.5974025974025974,0.13704888185407665,0.5662337662337662,0.5315682281059063,0.8311688311688312,0.050053621908830864,0.5911255411255412,0.5641547861507128,0.8636363636363636,0.03466726001478824,0.6626623376623376,0.639511201629328,0.8896103896103896,0.008093780990453941
strict-candidate,train_kfold,0.25,0.0,0.5,0.25,0.0,0.0,0.0,245.6,0.0772815662850506,0.06451321095821143,0.21660859465737517,0.10677141751009347,0.14980100658149437,0.1292330120072613,0.3436137381781981,0.13676587894158826,0.1862611028151098,0.1650320560981566,0.4014567778330845,0.1306162928198767,0.2480551960621647,0.22328657574605543,0.48780155964824956,0.11012224012920876,0.4263140313035783,0.4045728083780591,0.6873270283723245,0.040027038656952264,0.47074022454510256,0.449900840252365,0.7329450804712129,0.02907819496756179,0.6005454897406117,0.5803113410634526,0.832288037166086,0.007733965416177921,154.0,0.10876623376623376,0.0835030549898167,0.2662337662337662,0.14285714285714285,0.2161255411255411,0.17922606924643583,0.44805194805194803,0.18639455782312925,0.2824675324675325,0.24643584521384929,0.5454545454545454,0.1877705627705628,0.36774891774891777,0.3340122199592668,0.6428571428571429,0.15717312990040264,0.5574675324675324,0.5173116089613035,0.8181818181818182,0.048708686677815693,0.5865800865800865,0.5478615071283096,0.8376623376623377,0.033672040879682175,0.6800865800865801,0.6537678207739308,0.8896103896103896,0.008274311282280582
strict-candidate,train_kfold,0.25,0.0,0.5,0.0,0.0,0.0,0.25,245.6,0.0772815662850506,0.06451321095821143,0.21660859465737517,0.10677141751009347,0.14980100658149437,0.1292330120072613,0.3436137381781981,0.13676587894158826,0.1862611028151098,0.1650320560981566,0.4014567778330845,0.1306162928198767,0.24756473646369118,0.22352552437210083,0.4869852331176373,0.11019106174506872,0.4261514296775621,0.4043306776274537,0.6865140202422433,0.040003473203906424,0.4705776229190863,0.4496587095017596,0.7321320723411315,0.029062709098417384,0.6005454897406117,0.5803113410634526,0.832288037166086,0.007733965416177921,154.0,0.10876623376623376,0.0835030549898167,0.2662337662337662,0.14285714285714285,0.2161255411255411,0.17922606924643583,0.44805194805194803,0.18639455782312925,0.2811688311688311,0.24439918533604887,0.5454545454545454,0.18647186147186148,0.36774891774891777,0.3340122199592668,0.6493506493506493,0.15717312990040264,0.5574675324675324,0.5173116089613035,0.8181818181818182,0.048708686677815693,0.5865800865800865,0.5478615071283096,0.8376623376623377,0.033672040879682175,0.6800865800865801,0.6537678207739308,0.8896103896103896,0.008274311282280582
strict-candidate,train_kfold,0.25,0.0,0.5,0.0,0.25,0.0,0.0,245.6,0.0780945744151319,0.06475534170881676,0.21742160278745642,0.10758442564017476,0.14966550522648084,0.12922033130377786,0.3444267463082794,0.13671167839958281,0.18740329627786073,0.16575505506075455,0.40390575742492124,0.13121426859555282,0.24867739616171672,0.22401261118917865,0.48861124937779987,0.11045735603923756,0.4273859852884243,0.40554712765624934,0.6873270283723245,0.040123531111130165,0.4719083015319949,0.45111441717053713,0.7337614070018251,0.029156509978150447,0.600708091366628,0.5805502896894981,0.832288037166086,0.00773718525035646,154.0,0.10876623376623376,0.0835030549898167,0.2662337662337662,0.14285714285714285,0.21742424242424244,0.18126272912423624,0.45454545454545453,0.18801793444650589,0.2824675324675325,0.24643584521384929,0.5454545454545454,0.1877705627705628,0.36774891774891777,0.3340122199592668,0.6428571428571429,0.15717312990040264,0.5655844155844155,0.5213849287169042,0.8311688311688312,0.04909947236271902,0.5891774891774891,0.5519348268839104,0.8506493506493507,0.033919412555625285,0.6800865800865801,0.6537678207739308,0.8896103896103896,0.008274311282280582
strict-candidate,train_kfold,0.25,0.0,0.5,0.0,0.0,0.25,0.0,245.6,0.07768807035009126,0.0645068945038478,0.21660859465737517,0.10704242022012056,0.14929799236767877,0.1287492706846453,0.3436137381781981,0.13627481096968405,0.18797306564902383,0.1662419785079305,0.40553177368508375,0.13160982193884135,0.2491121066312704,0.22450031603412954,0.49024058403849347,0.11069134582026567,0.4268975167302694,0.4048275720373916,0.6865140202422433,0.04005273856647003,0.4720709031580112,0.4513565479211425,0.7337614070018251,0.02917199584729485,0.6018232951717273,0.5817806086827669,0.8331043636966982,0.007753388618720387,154.0,0.10876623376623376,0.0835030549898167,0.2662337662337662,0.14285714285714285,0.21742424242424244,0.18126272912423624,0.45454545454545453,0.18801793444650589,0.2824675324675325,0.24643584521384929,0.5454545454545454,0.1877705627705628,0.370995670995671,0.3360488798370672,0.6493506493506493,0.1582553809826537,0.5655844155844155,0.5213849287169042,0.8311688311688312,0.04909947236271902,0.5891774891774891,0.5519348268839104,0.8441558441558441,0.03391941255562528,0.6800865800865801,0.6537678207739308,0.8896103896103896,0.008274311282280582
strict-candidate,train_kfold,0.0,0.0,0.0,0.5,0.0,0.5,0.0,245.6,0.07079663735412864,0.05986964385854885,0.2011216193794591,0.098425308334716,0.1426956473646369,0.12651041245210837,0.3346673303467729,0.13269552885033226,0.18853641944582714,0.1710657274553373,0.41530114484818315,0.134629621728676,0.26130894308943087,0.24215008166346746,0.5097859631657541,0.1188997368429922,0.48377208119019965,0.4595473491890634,0.741904761904762,0.04547300873793002,0.5237534428405508,0.5014068887306118,0.777743487638958,0.03241621265696275,0.5922992091145401,0.5723441148399258,0.8282263149162103,0.007627412960809936,154.0,0.10248917748917749,0.07128309572301425,0.22727272727272727,0.13008658008658008,0.1829004329004329,0.14867617107942974,0.38961038961038963,0.1557204700061843,0.24675324675324675,0.21181262729124237,0.4935064935064935,0.16282725211296642,0.3353896103896104,0.3034623217922607,0.5974025974025974,0.14311727233805155,0.5739177489177489,0.5356415478615071,0.8701298701298701,0.0504276426545458,0.5954545454545455,0.560081466395112,0.8766233766233766,0.034421267177574544,0.6579004329004329,0.6334012219959266,0.8896103896103896,0.0080165281643477
strict-candidate,train_kfold,0.0,0.0,0.0,0.25,0.0,0.5,0.25,245.6,0.07023400254410708,0.05987303714776689,0.2011149825783972,0.09795741385985288,0.14137442619324153,0.126037162270849,0.33384104861456776,0.13193478552861332,0.18588451966152314,0.1686566349963265,0.4120325203252032,0.13274931590909692,0.25996394004756374,0.23975001539954177,0.5040816326530613,0.11780204210368472,0.4855047287207566,0.4598212733761449,0.7427177700348432,0.04550001473336685,0.5231410320225651,0.5009230017639612,0.7793661854985897,0.032384383718829825,0.5929917593053482,0.5733385216876746,0.8282263149162103,0.007640324996520368,154.0,0.1038961038961039,0.07128309572301425,0.22727272727272727,0.1316017316017316,0.21525974025974026,0.1710794297352342,0.42857142857142855,0.18098330241187383,0.27294372294372293,0.23828920570264767,0.5324675324675324,0.18216347144918577,0.35963203463203464,0.32790224032586557,0.6363636363636364,0.15435451993893554,0.5811688311688312,0.5458248472505092,0.8701298701298701,0.05136889955588835,0.6203463203463203,0.5865580448065173,0.8766233766233766,0.03604725534186735,0.6826839826839828,0.6578411405295316,0.8961038961038961,0.008325744997080633
strict-candidate,train_kfold,0.0,0.0,0.0,0.0,0.0,0.5,0.5,245.6,0.06971909739505558,0.05960162926261599,0.20030197444831593,0.09727990708478514,0.14046463138100768,0.12528561977672417,0.331395387423262,0.13119908822994936,0.1846772302416902,0.16698175725712558,0.4087705326032852,0.1315871936076018,0.26111028151097837,0.2397575201148953,0.5114219346275095,0.11787138805555927,0.4832495990266025,0.45759419460309836,0.7410917537746806,0.04528542867841075,0.5210801946794978,0.49847982172967154,0.7769304795088767,0.032228344655525085,0.5944291798020022,0.5750130426181828,0.829852331176373,0.007662915412368585,154.0,0.10173160173160173,0.07128309572301425,0.22727272727272727,0.13051948051948054,0.2116883116883117,0.17515274949083504,0.45454545454545453,0.1833487940630798,0.27305194805194805,0.23828920570264767,0.5454545454545454,0.18278705421562566,0.3760822510822511,0.3421588594704684,0.6493506493506493,0.16089646284451478,0.5853896103896105,0.5560081466395111,0.8506493506493507,0.05231526389448705,0.6237012987012986,0.5926680244399185,0.8766233766233766,0.03641710047592885,0.6848484848484848,0.659877800407332,0.8961038961038961,0.008351564108386823
strict-candidate,train_kfold,0.0,0.25,0.25,0.0,0.5,0.0,0.0,245.6,0.06575842044134726,0.05673821825956939,0.1905292848846856,0.0922871522592777,0.14139251147613519,0.1224050243836314,0.3273369835739174,0.12954861851825514,0.17936436037829767,0.16175268978570406,0.3851402024224324,0.12739855043837128,0.2418801504341574,0.2228592291992927,0.47477683756429406,0.10948506059506558,0.45998174879707976,0.435498635404441,0.7207400033184005,0.04309713867026371,0.5116394557823128,0.48901286475106076,0.7663447818151651,0.03161740776946069,0.5924624744206626,0.5725928710588313,0.8282263149162103,0.007630645937168797,154.0,0.11190476190476191,0.0814663951120163,0.2597402597402597,0.14567099567099567,0.22294372294372297,0.19144602851323828,0.461038961038961,0.19669140383426098,0.2707792207792208,0.23828920570264767,0.5194805194805194,0.18208616780045353,0.35887445887445885,0.329938900203666,0.6298701298701299,0.15489207761935034,0.5612554112554112,0.5274949083503055,0.8441558441558441,0.049638286077226,0.6045454545454545,0.5743380855397149,0.8701298701298701,0.03528587943567624,0.6848484848484848,0.659877800407332,0.8961038961038961,0.008351564108386823
strict-candidate,train_kfold,0.25,0.0,0.75,0.0,0.0,0.0,0.0,245.6,0.07316962557380677,0.06011968392795667,0.20195121951219513,0.10050163154692773,0.13968353520269897,0.12197310301405814,0.3232487141197943,0.12874535226401826,0.1747110779271058,0.15661665207203396,0.37864609258337484,0.1235608702637075,0.22318555389635528,0.20464357827172278,0.4487008461921354,0.10064828827496822,0.4099960732260384,0.3875939827325947,0.6726630164260826,0.038350346788268305,0.4570768209722914,0.4375699698179803,0.7207068193130911,0.028277040335521912,0.6006932138709142,0.5802909444799575,0.832288037166086,0.007733958322898742,154.0,0.10800865800865801,0.0814663951120163,0.2597402597402597,0.14134199134199132,0.21969696969696972,0.18126272912423624,0.44805194805194803,0.1892238713667285,0.27976190476190477,0.24032586558044808,0.538961038961039,0.18434343434343436,0.3568181818181818,0.3258655804480652,0.6493506493506493,0.15332373254451176,0.5404761904761904,0.5071283095723014,0.8116883116883117,0.04773043650604232,0.5814935064935065,0.5417515274949084,0.8376623376623377,0.03329739241210722,0.6787878787878788,0.6517311608961304,0.8896103896103896,0.008248594424880556
strict-candidate,train_kfold,0.0,0.25,0.25,0.25,0.25,0.0,0.0,245.6,0.06592168574746972,0.05698697447847486,0.19134561141529782,0.09255926110281512,0.1397218627288314,0.12092635603467192,0.3248946407831425,0.12809432948556893,0.17722260936895082,0.15981224823187745,0.3827011780321885,0.12591181482271577,0.23807361318511147,0.22018796621487424,0.4698855151816824,0.10812214863285048,0.4561663624799513,0.43136279293889845,0.7158553177368508,0.04269009382555618,0.5077069299264421,0.48561645430927636,0.7639057574249212,0.031397326729034836,0.5924624744206626,0.5725928710588313,0.8282263149162103,0.007630645937168797,154.0,0.11190476190476191,0.0814663951120163,0.2597402597402597,0.14567099567099567,0.2251082251082251,0.1934826883910387,0.4675324675324675,0.19885590599876313,0.26861471861471864,0.23625254582484725,0.512987012987013,0.18046279117707692,0.35974025974025975,0.329938900203666,0.6363636363636364,0.15502527775255048,0.5567099567099567,0.5234215885947047,0.8441558441558441,0.04925329557365842,0.6045454545454545,0.5743380855397149,0.8701298701298701,0.03528587943567624,0.6848484848484848,0.659877800407332,0.8961038961038961,0.008351564108386823
strict-candidate,train_kfold,0.0,0.25,0.25,0.0,0.25,0.0,0.25,245.6,0.06592168574746972,0.05698697447847486,0.19134561141529782,0.09255926110281512,0.1397218627288314,0.12092635603467192,0.3248946407831425,0.12809432948556893,0.17706000774293457,0.15957011748127212,0.3827011780321885,0.12574921319669952,0.23807294950500527,0.22020111930219613,0.46906918865107017,0.10812170617944634,0.4563696145124716,0.4316112401438675,0.7158553177368508,0.042714005829382104,0.5075436646203196,0.4853811601916293,0.7639057574249212,0.03138177765226127,0.5924624744206626,0.5725928710588313,0.8282263149162103,0.007630645937168797,154.0,0.11060606060606061,0.07942973523421588,0.2532467532467532,0.14350649350649353,0.2251082251082251,0.1934826883910387,0.4675324675324675,0.19885590599876313,0.26861471861471864,0.23625254582484725,0.512987012987013,0.18046279117707692,0.35779220779220783,0.329938900203666,0.6363636363636364,0.15480882753610029,0.5547619047619048,0.5234215885947047,0.8376623376623377,0.0492447402291347,0.6045454545454545,0.5743380855397149,0.8701298701298701,0.03528587943567624,0.6848484848484848,0.659877800407332,0.8961038961038961,0.008351564108386823
strict-candidate,train_kfold,0.0,0.25,0.25,0.0,0.25,0.25,0.0,245.6,0.06592168574746972,0.05698697447847486,0.19134561141529782,0.09255926110281512,0.1391663071732758,0.1211779853642008,0.32570764891322385,0.12805561481270789,0.1792422432387589,0.16127479253361326,0.38676953708312595,0.1271248930079194,0.241869918699187,0.2223761059045498,0.4747801559648249,0.10927849983101352,0.45889458547646705,0.4345300623474976,0.7182976605276257,0.043000114810073896,0.510459100713456,0.4880279564822355,0.7647187655550025,0.03155427743379206,0.5924624744206626,0.5725928710588313,0.8282263149162103,0.007630645937168797,154.0,0.11060606060606061,0.07942973523421588,0.2532467532467532,0.14350649350649353,0.22705627705627707,0.1934826883910387,0.474025974025974,0.19982993197278912,0.27056277056277056,0.23625254582484725,0.5194805194805194,0.1810193774479489,0.36103896103896105,0.3319755600814664,0.6298701298701299,0.15589107861835133,0.5567099567099567,0.5234215885947047,0.8441558441558441,0.04925329557365842,0.6045454545454545,0.5743380855397149,0.8701298701298701,0.03528587943567624,0.6848484848484848,0.659877800407332,0.8961038961038961,0.008351564108386823
strict-candidate,train_kfold,0.0,0.25,0.25,0.0,0.0,0.5,0.0,245.6,0.06571760411481666,0.0567516803608278,0.19052928488468557,0.09223273049057021,0.13900370554725955,0.12093585461359546,0.32570764891322385,0.12785236278018758,0.17903965488634477,0.16152036662795882,0.38758254521320723,0.12726751048851598,0.24148719650461808,0.22261474551665864,0.47558984569437535,0.10936355608331716,0.45648791549139983,0.43209931952337827,0.7158486809357889,0.042761192213273264,0.5098215806647862,0.48731789944230136,0.7647187655550025,0.03150730701965352,0.5924624744206626,0.5725928710588313,0.8282263149162103,0.007630645937168797,154.0,0.11190476190476191,0.0814663951120163,0.2597402597402597,0.14567099567099567,0.22575757575757574,0.19144602851323828,0.4675324675324675,0.1982065553494125,0.26926406926406926,0.23421588594704684,0.5194805194805194,0.1797206761492476,0.35844155844155845,0.32790224032586557,0.6298701298701299,0.1541594768867496,0.5550865800865801,0.5213849287169042,0.8441558441558441,0.049062310088555286,0.6023809523809524,0.5723014256619144,0.8701298701298701,0.03515979193094795,0.6848484848484848,0.659877800407332,0.8961038961038961,0.008351564108386823
strict-candidate,train_kfold,0.0,0.25,0.25,0.0,0.0,0.25,0.25,245.6,0.06592168574746972,0.05698697447847486,0.19134561141529782,0.09255926110281512,0.13782484375864165,0.12019051299868862,0.32326862452297994,0.1270103186454605,0.17749471821248824,0.1600475423495245,0.3835175045628007,0.12611589645536883,0.23837459211326806,0.22066836204302845,0.4707018417122947,0.10834666820928643,0.45520037608539343,0.4301459360468879,0.7174813339970134,0.042570731349871556,0.50738122891433,0.4851524915422824,0.7630894308943089,0.03136629239088253,0.5924624744206626,0.5725928710588313,0.8282263149162103,0.007630645937168797,154.0,0.11060606060606061,0.07942973523421588,0.2532467532467532,0.14350649350649353,0.22835497835497834,0.1955193482688391,0.474025974025974,0.20145330859616575,0.26601731601731604,0.23217922606924643,0.512987012987013,0.1778653885796743,0.3564935064935065,0.32790224032586557,0.6298701298701299,0.15394302667029938,0.5534632034632034,0.5213849287169042,0.8376623376623377,0.04905652264961277,0.6023809523809524,0.5723014256619144,0.8701298701298701,0.03515979193094795,0.6848484848484848,0.659877800407332,0.8961038961038961,0.008351564108386823
strict-candidate,train_kfold,0.0,0.25,0.25,0.25,0.0,0.25,0.0,245.6,0.06592168574746972,0.05698697447847486,0.19134561141529782,0.09255926110281512,0.13782484375864165,0.12019051299868862,0.32326862452297994,0.1270103186454605,0.17722260936895082,0.15981224823187745,0.3835175045628007,0.12591181482271577,0.23804872518112935,0.220171158619154,0.4707018417122947,0.10812942358786062,0.45547248492893094,0.4303946922657934,0.7174813339970134,0.04259509930600923,0.5073397489076932,0.48514268394942234,0.7630894308943089,0.031366079672899776,0.5924624744206626,0.5725928710588313,0.8282263149162103,0.007630645937168797,154.0,0.11190476190476191,0.0814663951120163,0.2597402597402597,0.14567099567099567,0.22705627705627707,0.1934826883910387,0.474025974025974,0.19982993197278912,0.26601731601731604,0.23217922606924643,0.512987012987013,0.1778653885796743,0.3564935064935065,0.32790224032586557,0.6298701298701299,0.15394302667029938,0.5550865800865801,0.5234215885947047,0.8376623376623377,0.0492475081347159,0.6023809523809524,0.5723014256619144,0.8701298701298701,0.03515979193094795,0.6848484848484848,0.659877800407332,0.8961038961038961,0.008351564108386823
strict-candidate,train_kfold,0.0,0.5,0.5,0.0,0.0,0.0,0.0,245.6,0.0655135224821636,0.05651638624318074,0.18971295835407334,0.09190619987832531,0.13768934240362812,0.12019051299868862,0.32326862452297994,0.12695611810345508,0.1770611138764449,0.15955696439395023,0.3835175045628007,0.12575004279683225,0.2372854930590122,0.22018796621487424,0.4698855151816824,0.10807221405329917,0.454875172833361,0.42966485667023724,0.7166683258669322,0.04252360044377988,0.5063219954648526,0.48369647485956835,0.7622731043636967,0.031272888532421425,0.5924624744206626,0.5725928710588313,0.8282263149162103,0.007630645937168797,154.0,0.11060606060606061,0.07942973523421588,0.2532467532467532,0.14350649350649353,0.2251082251082251,0.1934826883910387,0.4675324675324675,0.19885590599876313,0.26601731601731604,0.23217922606924643,0.512987012987013,0.1778653885796743,0.3564935064935065,0.32790224032586557,0.6298701298701299,0.15394302667029938,0.5534632034632034,0.5213849287169042,0.8376623376623377,0.04905652264961277,0.6023809523809524,0.5723014256619144,0.8701298701298701,0.03515979193094795,0.6848484848484848,0.659877800407332,0.8961038961038961,0.008351564108386823
strict-candidate,train_kfold,0.0,0.0,0.0,0.25,0.25,0.0,0.5,245.6,0.06376472540235607,0.053625674243291364,0.17994358719097395,0.08843426801614955,0.1387813174050108,0.11901126488934241,0.31594823295171726,0.12641754959823653,0.17313588850174216,0.15512009470280613,0.37620706819313093,0.1223138996210176,0.22616746861346165,0.20802001671909426,0.4527725236436038,0.10220801851762529,0.4144139151595597,0.3936503358249098,0.6848846855815497,0.03894228281453778,0.4754134173994801,0.451750297002332,0.7402588352414137,0.02920435473887026,0.5945369172059067,0.5750356942844281,0.829852331176373,0.007662915072709849,154.0,0.09502164502164502,0.07535641547861507,0.24025974025974026,0.1261904761904762,0.19448051948051948,0.1690427698574338,0.4025974025974026,0.17272727272727273,0.24080086580086582,0.21384928716904278,0.45454545454545453,0.16303339517625232,0.3220779220779221,0.29327902240325865,0.5909090909090909,0.13810475239046666,0.5235930735930736,0.49490835030549896,0.8116883116883117,0.04655307387854834,0.583008658008658,0.5458248472505092,0.8506493506493507,0.033543527936043184,0.6848484848484848,0.659877800407332,0.8961038961038961,0.008351564108386823
strict-candidate,train_kfold,0.0,0.25,0.25,0.5,0.0,0.0,0.0,245.6,0.06469719595155135,0.056281092125533685,0.18889663182346111,0.09108987334771307,0.13714623085006358,0.11971627025499616,0.3224522979923677,0.12641300654989057,0.17655865272938445,0.15881527728744177,0.38188816990210717,0.1252317270694573,0.235641502129307,0.21873225854609674,0.46906587025053925,0.10736727826125536,0.4535714838781041,0.4287032180955304,0.7142259830761573,0.042427789216448554,0.5060903158011172,0.48346087172798474,0.763086112493778,0.031257124454118386,0.5924624744206626,0.5725928710588313,0.8282263149162103,0.007630645937168797,154.0,0.11190476190476191,0.0814663951120163,0.2597402597402597,0.14567099567099567,0.2251082251082251,0.1934826883910387,0.4675324675324675,0.19885590599876313,0.2673160173160173,0.23421588594704684,0.512987012987013,0.17916408987837562,0.35974025974025975,0.329938900203666,0.6363636363636364,0.15502527775255048,0.5550865800865801,0.5234215885947047,0.8376623376623377,0.0492475081347159,0.6023809523809524,0.5723014256619144,0.8701298701298701,0.03515979193094795,0.6848484848484848,0.659877800407332,0.8961038961038961,0.008351564108386823
strict-candidate,train_kfold,0.0,0.0,0.0,0.0,0.25,0.0,0.75,245.6,0.06335849787069299,0.05311845206189876,0.17831757093081135,0.08775698246778386,0.13729716276754605,0.11996028828118921,0.3159349593495935,0.12640460783616583,0.1693785741939052,0.15222793774227844,0.37132570101211215,0.11997458263212371,0.2246146783916819,0.2065217154585474,0.4519661523145844,0.10152798376889964,0.41292323433438416,0.3911838860965016,0.6816326530612244,0.038705640212057614,0.47479597367402243,0.451524435942985,0.7378264476522316,0.02918821740048212,0.5979545379127261,0.5781833485073071,0.8306653393064544,0.007704902167683024,154.0,0.09404761904761905,0.07331975560081466,0.23376623376623376,0.12445887445887446,0.17846320346320346,0.15274949083503056,0.36363636363636365,0.15670995670995672,0.22976190476190475,0.20366598778004075,0.4675324675324675,0.15500927643784787,0.3313852813852814,0.3054989816700611,0.5909090909090909,0.14313154378089443,0.5252164502164502,0.4969450101832994,0.7922077922077922,0.046744059363651475,0.5822510822510822,0.5437881873727087,0.8506493506493507,0.03342105447792479,0.6848484848484848,0.659877800407332,0.8961038961038961,0.008351564108386823
strict-candidate,train_kfold,0.0,0.25,0.25,0.25,0.0,0.0,0.25,245.6,0.06469719595155135,0.056281092125533685,0.18889663182346111,0.09108987334771307,0.13698296554394113,0.11948097613734912,0.32163597146175543,0.1262089249172375,0.17615214866434378,0.15857314653683643,0.38188816990210717,0.1249994390322912,0.234987777224711,0.2187454116334186,0.468249543719927,0.10732725633970035,0.4535708201979979,0.42869341050267035,0.7150389912062385,0.04242769303092592,0.5057244621425806,0.48297029377241046,0.7622731043636967,0.03122600381324165,0.5924624744206626,0.5725928710588313,0.8282263149162103,0.007630645937168797,154.0,0.11190476190476191,0.0814663951120163,0.2597402597402597,0.14567099567099567,0.22640692640692642,0.1955193482688391,0.4675324675324675,0.20047928262213977,0.2673160173160173,0.23421588594704684,0.512987012987013,0.17916408987837562,0.35974025974025975,0.329938900203666,0.6363636363636364,0.15502527775255048,0.5534632034632034,0.5213849287169042,0.8376623376623377,0.04905652264961277,0.6023809523809524,0.5723014256619144,0.8701298701298701,0.03515979193094795,0.6848484848484848,0.659877800407332,0.8961038961038961,0.008351564108386823
strict-candidate,train_kfold,0.0,0.25,0.25,0.0,0.0,0.0,0.5,245.6,0.06469719595155135,0.056281092125533685,0.18889663182346111,0.09108987334771307,0.13698296554394113,0.11948097613734912,0.32163597146175543,0.1262089249172375,0.17594889663182348,0.1583246993318675,0.3810751617720259,0.12481877055893982,0.23525811625463194,0.2189975133467859,0.468249543719927,0.10745189206015489,0.45373408550412037,0.42892870462031746,0.7150389912062385,0.04245135466949439,0.5048825839278801,0.48223779623088897,0.7622731043636967,0.03117866239998972,0.5924624744206626,0.5725928710588313,0.8282263149162103,0.007630645937168797,154.0,0.11060606060606061,0.07942973523421588,0.2532467532467532,0.14350649350649353,0.2251082251082251,0.1934826883910387,0.4675324675324675,0.19885590599876313,0.26861471861471864,0.23625254582484725,0.5194805194805194,0.18046279117707692,0.3575757575757576,0.32790224032586557,0.6298701298701299,0.1540262767535495,0.5534632034632034,0.5213849287169042,0.8376623376623377,0.04905652264961277,0.6023809523809524,0.5723014256619144,0.8701298701298701,0.03515979193094795,0.6848484848484848,0.659877800407332,0.8961038961038961,0.008351564108386823
strict-candidate,train_kfold,0.0,0.0,0.0,0.5,0.25,0.0,0.25,245.6,0.06514683922349428,0.05436469940383458,0.18238261158121785,0.09006028427631216,0.13640821857198165,0.11778828724152506,0.3143255350920856,0.12472583690851487,0.17277169404347106,0.1546641655684642,0.37540069686411154,0.12195597325263827,0.2276315469277142,0.20877438452908623,0.4552181848349096,0.10261566893921299,0.4128242906918865,0.3939229474371519,0.6848846855815497,0.03895833432526665,0.4774355400696864,0.4541880398293115,0.7402588352414137,0.029360433926510165,0.5926665560533156,0.5728416272777367,0.8282263149162103,0.00763388532816329,154.0,0.0972943722943723,0.07128309572301425,0.22727272727272727,0.12575757575757576,0.1908008658008658,0.1629327902240326,0.4025974025974026,0.16774891774891773,0.2292207792207792,0.20366598778004075,0.44155844155844154,0.15534425891568748,0.3114718614718615,0.29124236252545826,0.5909090909090909,0.13654116446324238,0.507034632034632,0.4745417515274949,0.8116883116883117,0.04465655529986283,0.5714285714285714,0.5356415478615071,0.8636363636363636,0.032914232154997385,0.6848484848484848,0.659877800407332,0.8961038961038961,0.008351564108386823
strict-candidate,train_kfold,0.0,0.0,0.0,0.75,0.25,0.0,0.0,245.6,0.0646193794591007,0.05365176925327701,0.17994358719097395,0.08919418173773574,0.13495459321940156,0.11661735170987844,0.31106022896963664,0.12334123428697844,0.1745170621093966,0.1551710787359203,0.37621038659366185,0.12261578979249463,0.22685907859078594,0.2080342211620753,0.45359548697527796,0.10225522257179798,0.41446689895470384,0.3941324555587499,0.6840749958519993,0.038986061554744114,0.47620037608539356,0.45344974601202104,0.7394491455118632,0.029313168122395088,0.5922992091145401,0.5723441148399258,0.8282263149162103,0.007627412960809936,154.0,0.10183982683982684,0.07535641547861507,0.24025974025974026,0.13225108225108226,0.16515151515151516,0.1425661914460285,0.35064935064935066,0.14706246134817563,0.22770562770562772,0.1975560081466395,0.43506493506493504,0.15143269428983716,0.26753246753246757,0.2505091649694501,0.5064935064935064,0.11725482309897894,0.47662337662337667,0.4480651731160896,0.7727272727272727,0.0421610722380762,0.5326839826839826,0.5010183299389002,0.8376623376623377,0.030783682033119614,0.6579004329004329,0.6334012219959266,0.8896103896103896,0.0080165281643477
strict-candidate,train_kfold,0.0,0.0,0.0,0.5,0.0,0.25,0.25,245.6,0.06306647862396991,0.05382789107395987,0.18075327692052431,0.08796582047453128,0.1297338642774183,0.11440962916313771,0.308604612576738,0.12022882741946953,0.17023438969083568,0.15272758968769407,0.3762137049941928,0.12059327734190853,0.22338416016813228,0.20657364425933838,0.4519528787124606,0.10140323732459122,0.41007388971848896,0.3880700604894872,0.6783872573419611,0.038397646308802984,0.4699236767877883,0.44834496047450684,0.736200431392069,0.028983195873622365,0.5926665560533156,0.5728416272777367,0.8282263149162103,0.00763388532816329,154.0,0.09956709956709957,0.07128309572301425,0.22727272727272727,0.12835497835497836,0.1976190476190476,0.1629327902240326,0.4025974025974026,0.17011440940012368,0.24426406926406927,0.21384928716904278,0.4935064935064935,0.16363636363636366,0.30768398268398267,0.2830957230142566,0.577922077922078,0.13322305400227477,0.5116883116883116,0.4786150712830957,0.8246753246753247,0.04504699523490711,0.5781385281385282,0.5458248472505092,0.8636363636363636,0.033536182340462295,0.6848484848484848,0.659877800407332,0.8961038961038961,0.008351564108386823
strict-candidate,train_kfold,0.0,0.0,0.0,0.75,0.0,0.25,0.0,245.6,0.06295973674022455,0.053833687349728834,0.18075659532105526,0.08783253138653836,0.12927487417731318,0.11393830958459081,0.3061655881864941,0.11976962399361604,0.17235152922957803,0.1547129122446953,0.37865936618549856,0.12207718178250784,0.2239933078922626,0.20746979408271735,0.45195619711299156,0.10185551586845765,0.40705442176870743,0.3866223931807591,0.6759382777501244,0.03824701584944924,0.47121597256788894,0.4500297436558462,0.7362070681931309,0.02909242886491521,0.5922992091145401,0.5723441148399258,0.8282263149162103,0.007627412960809936,154.0,0.10411255411255413,0.07535641547861507,0.24025974025974026,0.13484848484848483,0.16677489177489177,0.14052953156822812,0.36363636363636365,0.145856524427953,0.21287878787878786,0.18533604887983707,0.42857142857142855,0.14150175221603795,0.27803030303030307,0.2545824847250509,0.512987012987013,0.11996401866531738,0.4724025974025974,0.4419551934826884,0.7857142857142857,0.041593651593929214,0.538961038961039,0.5030549898167006,0.8441558441558441,0.03091343183486933,0.6579004329004329,0.6334012219959266,0.8896103896103896,0.0080165281643477
strict-candidate,train_kfold,0.0,0.0,0.0,0.25,0.0,0.25,0.5,245.6,0.06139483435650683,0.0535796072388928,0.17993363198938112,0.08638847408882253,0.1284480946850285,0.11342512775752736,0.3045395719263315,0.11925693111158515,0.171386593661855,0.1536541070573301,0.3753940600630496,0.12141290383749319,0.22308782700071897,0.2065909065130298,0.4511431889829103,0.10140854908600057,0.40948880039820806,0.38655100583675245,0.6767546042807366,0.03825783187872418,0.47062817322050776,0.44933055229182867,0.7370134395221504,0.029045975798993408,0.5952293014766883,0.5759976418730715,0.829852331176373,0.0076758270823445275,154.0,0.09924242424242424,0.07535641547861507,0.24025974025974026,0.13095238095238096,0.1865800865800866,0.16089613034623218,0.3961038961038961,0.16570810142238715,0.2536796536796537,0.2219959266802444,0.5064935064935064,0.16970212327355186,0.3265151515151515,0.29327902240325865,0.6038961038961039,0.1383981819046754,0.5379870129870129,0.505091649694501,0.8181818181818182,0.047525284983599085,0.5882034632034632,0.5580448065173116,0.8636363636363636,0.03428312447395905,0.6848484848484848,0.659877800407332,0.8961038961038961,0.008351564108386823
strict-candidate,train_kfold,0.0,0.0,0.0,0.0,0.0,0.25,0.75,245.6,0.061896742436812126,0.05407018519446708,0.1815596482495437,0.08712073447265085,0.1278542116033405,0.11268296826718045,0.30047453127592505,0.11839999367923708,0.16819296499087438,0.15143564987591968,0.37130910900945746,0.11949074930010721,0.2213913500359493,0.2056563555107417,0.4470681931309109,0.10089004950030336,0.4101201814058957,0.38582288741948473,0.6767579226812677,0.03818885078766101,0.4698915436093136,0.44719923196708855,0.7345644599303136,0.02890707101064684,0.5982804048448648,0.5786670898299231,0.8314783474365356,0.007711354978220423,154.0,0.09967532467532467,0.06924643584521385,0.22077922077922077,0.1277056277056277,0.1949134199134199,0.1629327902240326,0.3961038961038961,0.16893939393939394,0.24534632034632034,0.2158859470468432,0.4935064935064935,0.16502782931354362,0.32694805194805193,0.3014256619144603,0.6103896103896104,0.1412952848017783,0.537012987012987,0.5010183299389002,0.8051948051948052,0.04715463726349775,0.5761904761904761,0.5437881873727087,0.8506493506493507,0.0334101179286836,0.6848484848484848,0.659877800407332,0.8961038961038961,0.008351564108386823
strict-candidate,train_kfold,0.0,0.25,0.5,0.0,0.25,0.0,0.0,245.6,0.06001056357502351,0.0512142221248544,0.1718168242906919,0.08369116752392014,0.12102444555057797,0.10709434129800591,0.28663680106188816,0.1124689453016979,0.15989867817045517,0.14401187517643496,0.3533997013439522,0.11350593756666431,0.21442929041535314,0.1986493206415174,0.43811846689895473,0.09753535132529657,0.41472191803550684,0.39236584394656937,0.6800232288037166,0.03882683584607775,0.4730169238427078,0.45175788410086265,0.7345843703334992,0.02920180819923208,0.5924624744206626,0.5725928710588313,0.8282263149162103,0.007630645937168797,154.0,0.10616883116883118,0.07942973523421588,0.2532467532467532,0.13852813852813853,0.20844155844155846,0.17311608961303462,0.4155844155844156,0.18075139146567717,0.25281385281385277,0.2240325865580448,0.5,0.17092352092352092,0.3470779220779221,0.319755600814664,0.6428571428571429,0.15013644364293716,0.5359307359307359,0.505091649694501,0.8181818181818182,0.047530644048635357,0.5837662337662338,0.5498981670061099,0.8571428571428571,0.033788427987176406,0.6851731601731602,0.659877800407332,0.8961038961038961,0.008351615133897537
strict-candidate,train_kfold,0.0,0.25,0.5,0.0,0.0,0.25,0.0,245.6,0.060282672418560924,0.05144951624250146,0.17263315082130415,0.08409933078922625,0.12075344284055085,0.10684589409303698,0.28663680106188816,0.11219794259167082,0.15928726287262873,0.1435376324327425,0.3533997013439522,0.11309203294170941,0.21459189204136941,0.1988882692675628,0.43811846689895473,0.09764375240930742,0.41482965543941147,0.3923726805795276,0.6792069022731043,0.03882744310691469,0.47252779160444663,0.4510214230370063,0.7345843703334992,0.02915522417654054,0.5924624744206626,0.5725928710588313,0.8282263149162103,0.007630645937168797,154.0,0.10616883116883118,0.07942973523421588,0.2532467532467532,0.13852813852813853,0.20844155844155846,0.17311608961303462,0.4155844155844156,0.18075139146567717,0.25281385281385277,0.2240325865580448,0.5,0.17092352092352092,0.34545454545454546,0.31771894093686354,0.6363636363636364,0.1492087998581505,0.5359307359307359,0.505091649694501,0.8181818181818182,0.047530644048635357,0.5805194805194805,0.5478615071283096,0.8506493506493507,0.033661104330440984,0.6851731601731602,0.659877800407332,0.8961038961038961,0.008351615133897537
strict-candidate,train_kfold,0.0,0.25,0.5,0.0,0.0,0.0,0.25,245.6,0.0599574691665284,0.05095893828692719,0.17100713456114153,0.08355732536917207,0.119706487473038,0.10587810243386844,0.28337481333997017,0.11116281495176468,0.15912565676677176,0.14327572312651515,0.3509573585531774,0.11292971575002438,0.21318101874896297,0.19768449994225068,0.43486311597809857,0.09703031629064482,0.4115596482495437,0.39019459197602524,0.6775808860129418,0.038609427904230526,0.47176655052264815,0.45004648573094297,0.7345843703334992,0.02909278915325459,0.5924624744206626,0.5725928710588313,0.8282263149162103,0.007630645937168797,154.0,0.10616883116883118,0.07942973523421588,0.2532467532467532,0.13852813852813853,0.20714285714285713,0.1710794297352342,0.4090909090909091,0.17912801484230056,0.25497835497835497,0.22606924643584522,0.5064935064935064,0.17254689754689756,0.3412337662337662,0.3136456211812627,0.6298701298701299,0.14732259082908433,0.5359307359307359,0.505091649694501,0.8181818181818182,0.047530644048635357,0.5788961038961039,0.5458248472505092,0.8506493506493507,0.03353622920556586,0.6851731601731602,0.659877800407332,0.8961038961038961,0.008351615133897537
strict-candidate,train_kfold,0.0,0.25,0.5,0.25,0.0,0.0,0.0,245.6,0.0599574691665284,0.05095893828692719,0.17100713456114153,0.08355732536917207,0.119706487473038,0.10587810243386844,0.28337481333997017,0.11116281495176468,0.15912565676677176,0.14327572312651515,0.3509573585531774,0.11292971575002438,0.21318101874896297,0.19768449994225068,0.43486311597809857,0.09703031629064482,0.41074332171893146,0.3899592978583782,0.6767645594823295,0.03858431016482707,0.4705199380565235,0.4493169591493233,0.733771362203418,0.02904541754758484,0.5924624744206626,0.5725928710588313,0.8282263149162103,0.007630645937168797,154.0,0.10616883116883118,0.07942973523421588,0.2532467532467532,0.13852813852813853,0.20389610389610388,0.1690427698574338,0.4025974025974026,0.17653061224489797,0.25627705627705627,0.22810590631364563,0.512987012987013,0.17384559884559886,0.3446969696969697,0.31771894093686354,0.6363636363636364,0.1491873926938862,0.5424242424242424,0.5071283095723014,0.8246753246753247,0.047730444248435554,0.5788961038961039,0.5458248472505092,0.8506493506493507,0.03353622920556586,0.6851731601731602,0.659877800407332,0.8961038961038961,0.008351615133897537
strict-candidate,train_kfold,0.0,0.25,0.75,0.0,0.0,0.0,0.0,245.6,0.05615613074498092,0.048030145120535085,0.16123776339804213,0.07839942481057463,0.11577208119019966,0.10177987101075611,0.2727957524473204,0.10719456098351073,0.14989724019689177,0.1352774657938679,0.33060560809689726,0.10647589023995196,0.2059293180686909,0.1896727481796901,0.42508378961340637,0.09319003832294026,0.39753326696532276,0.3761946856131989,0.6653459432553509,0.03721864520591374,0.45361196836458156,0.4321600810804636,0.7231690725070516,0.027933669458422523,0.5924624744206626,0.5725928710588313,0.8282263149162103,0.007630645937168797,154.0,0.09318181818181819,0.07331975560081466,0.23376623376623376,0.12337662337662338,0.1936147186147186,0.16089613034623218,0.3961038961038961,0.1673160173160173,0.2483766233766234,0.21792260692464357,0.4935064935064935,0.16697588126159554,0.3334415584415584,0.3075356415478615,0.6233766233766234,0.14444365158650874,0.5206709956709957,0.48879837067209775,0.7857142857142857,0.04599672485672618,0.5698051948051948,0.5376782077393075,0.8441558441558441,0.03303421021615191,0.6851731601731602,0.659877800407332,0.8961038961038961,0.008351615133897537
strict-candidate,train_kfold,0.0,0.0,0.25,0.0,0.75,0.0,0.0,245.6,0.05353337757867375,0.04387176656389273,0.14738675958188155,0.07345533985952105,0.10753287981859412,0.09477910480113921,0.2540766550522648,0.09971949244273784,0.1317989602345003,0.11927900279999366,0.29724240915878547,0.09388072983742472,0.1863068414357613,0.17241121564537212,0.39251368840219014,0.08459605302611774,0.36337586416680495,0.3429353803609006,0.6197345279575245,0.03393637619003238,0.4146071013771362,0.39511685464745033,0.6865140202422432,0.025535576263292815,0.6012911896465903,0.5810582932686655,0.832288037166086,0.007743656964571776,154.0,0.08896103896103896,0.06720977596741344,0.21428571428571427,0.11645021645021646,0.16266233766233767,0.14052953156822812,0.33766233766233766,0.1438311688311688,0.2145021645021645,0.1894093686354379,0.42857142857142855,0.1444908266336838,0.279978354978355,0.2606924643584521,0.5454545454545454,0.12234497104626976,0.5021645021645021,0.4725050916496945,0.7662337662337663,0.04446254253900515,0.5445887445887445,0.5173116089613035,0.8116883116883117,0.03178158541091179,0.6787878787878788,0.6517311608961304,0.8896103896103896,0.008248594424880556
strict-candidate,train_kfold,0.0,0.0,0.25,0.0,0.5,0.25,0.0,245.6,0.052597754548974064,0.04337456314001832,0.14575742492118798,0.07242442342790775,0.10746579282119353,0.09476908604362103,0.25489298158287704,0.09968160737000956,0.13171815718157182,0.11926188619033691,0.2980587356893977,0.09384518608062661,0.18598230186383496,0.171927263158098,0.3933300149328024,0.08437969331150018,0.3633765278469111,0.3429285437279423,0.6189215198274431,0.03393647237555502,0.41448625629113434,0.3948322936749775,0.6865173386427742,0.025520303731698103,0.6018626182180189,0.5817910998241236,0.8331043636966982,0.0077533687229196235,154.0,0.08896103896103896,0.06720977596741344,0.21428571428571427,0.11645021645021646,0.16915584415584417,0.1446028513238289,0.35064935064935066,0.14902597402597403,0.2102813852813853,0.18329938900203666,0.42857142857142855,0.14045042259327975,0.27846320346320347,0.25661914460285135,0.5454545454545454,0.1206966193979181,0.5021645021645021,0.4725050916496945,0.7662337662337663,0.04446254253900515,0.5432900432900433,0.515274949083503,0.8116883116883117,0.03165789957294023,0.6787878787878788,0.6517311608961304,0.8896103896103896,0.008248594424880556
strict-candidate,train_kfold,0.0,0.0,0.25,0.0,0.25,0.5,0.0,245.6,0.052220120568552617,0.04363312695178386,0.14657706985233118,0.07229168740667,0.10674735910624414,0.09403689751603608,0.2532669653227145,0.09891626569326918,0.1316224766329296,0.11901631209599135,0.29724240915878547,0.09370443059143907,0.1859834079973453,0.17193707075095807,0.39333333333333337,0.08438020383465879,0.3632398097450362,0.3429416968152642,0.6213638626182181,0.03393600697857575,0.4141597256788894,0.3943347812371666,0.6873336651733865,0.02548920557815097,0.6020258835241414,0.5820263939417706,0.8331043636966982,0.007756601699278484,154.0,0.08766233766233766,0.06517311608961303,0.2077922077922078,0.1142857142857143,0.16645021645021646,0.1425661914460285,0.34415584415584416,0.14673778602350032,0.20984848484848487,0.18126272912423624,0.42857142857142855,0.13947639661925376,0.28106060606060607,0.2606924643584521,0.5454545454545454,0.12242822112951983,0.5008658008658009,0.47046843177189407,0.7662337662337663,0.04427432495948322,0.5432900432900433,0.515274949083503,0.8181818181818182,0.03165789957294023,0.6787878787878788,0.6517311608961304,0.8896103896103896,0.008248594424880556
strict-candidate,train_kfold,0.0,0.0,0.25,0.0,0.0,0.75,0.0,245.6,0.05254665118079752,0.0441171772883364,0.14820972291355566,0.07283590509374481,0.10657120734472651,0.09403371539147615,0.2532669653227145,0.098833029146618,0.1311753221613849,0.11878367992430958,0.2964294010287042,0.09345407570693784,0.18424434489242852,0.17047473761388038,0.3884453293512527,0.08367221341238265,0.3631171948454178,0.34268348981219143,0.6197378463580554,0.03391269189078737,0.41359128366793874,0.39363087728169416,0.6848946407831425,0.02544251337317106,0.6011695702671312,0.5808193446426202,0.8331043636966982,0.007740443571104624,154.0,0.08766233766233766,0.06517311608961303,0.2077922077922078,0.1142857142857143,0.16926406926406926,0.1425661914460285,0.35064935064935066,0.14825293753865185,0.21309523809523812,0.18329938900203666,0.42857142857142855,0.14133168418882705,0.27846320346320347,0.25661914460285135,0.5454545454545454,0.1206966193979181,0.5008658008658009,0.47046843177189407,0.7662337662337663,0.04427432495948322,0.5432900432900433,0.515274949083503,0.8181818181818182,0.03165789957294023,0.6804112554112554,0.6537678207739308,0.8896103896103896,0.008274362307791296
strict-candidate,train_kfold,0.0,0.0,0.25,0.25,0.0,0.5,0.0,245.6,0.05189425363641391,0.043135923527909445,0.14494773519163764,0.07174857585310547,0.10590548089154361,0.09330993503110327,0.25164094906255186,0.09811487196504617,0.13003644709916487,0.11780304419175569,0.29480006636801065,0.09266363270046696,0.18306083734306733,0.169748247512786,0.385996349759416,0.08329836039741464,0.3561343952215032,0.33780925793984595,0.6099651567944251,0.03342813780071178,0.41075189425363645,0.3904978410924086,0.683261987721918,0.025239090122198788,0.6013328355732537,0.5810546387602672,0.8331043636966982,0.007743676547463485,154.0,0.08766233766233766,0.06517311608961303,0.2077922077922078,0.1142857142857143,0.166017316017316,0.14052953156822812,0.34415584415584416,0.14565553494124922,0.20963203463203461,0.17922606924643583,0.42857142857142855,0.13840960626674914,0.27846320346320347,0.25661914460285135,0.538961038961039,0.1206966193979181,0.5021645021645021,0.4725050916496945,0.7662337662337663,0.04446254253900515,0.5361471861471861,0.5071283095723014,0.7987012987012987,0.03115951840229016,0.6804112554112554,0.6537678207739308,0.8896103896103896,0.008274362307791296
strict-candidate,train_kfold,0.0,0.0,0.25,0.0,0.0,0.5,0.25,245.6,0.0516221447928765,0.04288716730900398,0.1441314086610254,0.07134041258779936,0.10590548089154361,0.09330993503110327,0.25164094906255186,0.09811487196504617,0.1298731817930424,0.11756775007410862,0.2939837398373984,0.0925003673943445,0.18289757203694484,0.1695034548162154,0.385996349759416,0.08318951685999969,0.3558861788617886,0.3378263745495027,0.6107781649245064,0.03342696016705422,0.41026209833526905,0.38975157243569214,0.683261987721918,0.025192442891878088,0.6013328355732537,0.5810546387602672,0.8331043636966982,0.007743676547463485,154.0,0.08636363636363636,0.06313645621181263,0.2012987012987013,0.11212121212121212,0.16277056277056276,0.1384928716904277,0.33766233766233766,0.14305813234384662,0.2076839826839827,0.17922606924643583,0.42857142857142855,0.13785301999587715,0.27846320346320347,0.25661914460285135,0.538961038961039,0.1206966193979181,0.4995670995670996,0.4684317718940937,0.7662337662337663,0.04408610737996129,0.5380952380952381,0.5071283095723014,0.7922077922077922,0.03116315622105403,0.6804112554112554,0.6537678207739308,0.8896103896103896,0.008274362307791296
strict-candidate,train_kfold,0.0,0.0,0.25,0.25,0.5,0.0,0.0,245.6,0.05157983518610696,0.04264154541990219,0.14331508213041316,0.0710129970687462,0.10568829157679331,0.09306780428049795,0.2508246225319396,0.09791538868741458,0.12923400254410708,0.11709079758969465,0.29316741330678614,0.09208128237744964,0.18325230905370277,0.16973874893386248,0.38762900282064044,0.08327734927535824,0.35963995354239253,0.33978256561599296,0.6148498423759748,0.03362258026511335,0.41144162380399313,0.39144038465998987,0.6840716774514684,0.025301056086106017,0.6014544549527129,0.5812935873863126,0.832288037166086,0.007746889940930637,154.0,0.08376623376623377,0.06720977596741344,0.21428571428571427,0.11212121212121212,0.16266233766233767,0.14052953156822812,0.33766233766233766,0.1438311688311688,0.2122294372294372,0.18329938900203666,0.42857142857142855,0.14100700886415174,0.2739177489177489,0.2525458248472505,0.5324675324675324,0.11874856744986614,0.49924242424242427,0.4684317718940937,0.7597402597402597,0.04408333947438009,0.5374458874458874,0.5091649694501018,0.7987012987012987,0.031283204240261715,0.6787878787878788,0.6517311608961304,0.8896103896103896,0.008248594424880556
strict-candidate,train_kfold,0.0,0.0,0.25,0.25,0.25,0.25,0.0,245.6,0.05202698965765168,0.042877359716143905,0.14412809026049445,0.07160920303080583,0.10574204966539462,0.09306780428049795,0.25164094906255186,0.0979112406867509,0.13007643382556275,0.1178035165755941,0.2939837398373984,0.09268103586769591,0.18267922128200872,0.16948968370102047,0.3868093578894973,0.08315558408739096,0.3586636801061888,0.3393011772254057,0.6132238261158122,0.03357390299177314,0.41017996792212824,0.3897615911932103,0.6832586693213871,0.02519208127130741,0.6020258835241414,0.5820263939417706,0.8331043636966982,0.007756601699278484,154.0,0.08896103896103896,0.06720977596741344,0.21428571428571427,0.11645021645021646,0.16677489177489177,0.1425661914460285,0.35064935064935066,0.14696969696969697,0.2117965367965368,0.18126272912423624,0.42857142857142855,0.14003298289012575,0.27716450216450217,0.2545824847250509,0.538961038961039,0.11983081853211724,0.5021645021645021,0.4725050916496945,0.7662337662337663,0.04446254253900515,0.5374458874458874,0.5091649694501018,0.7987012987012987,0.031283204240261715,0.6787878787878788,0.6517311608961304,0.8896103896103896,0.008248594424880556
strict-candidate,train_kfold,0.0,0.0,0.25,0.0,0.25,0.25,0.25,245.6,0.05202698965765168,0.042877359716143905,0.14412809026049445,0.07160920303080583,0.10553796803274156,0.09281904806159247,0.2508246225319396,0.0976780045351474,0.130239035451579,0.11804564732619942,0.2939837398373984,0.09284363749371216,0.18267922128200872,0.16948968370102047,0.3868093578894973,0.08315558408739096,0.35890592334494775,0.33905638452883513,0.6132238261158122,0.033550616005904726,0.41001736629611196,0.3895059983413466,0.6832586693213871,0.025176595402163004,0.6018626182180189,0.5817910998241236,0.8331043636966982,0.0077533687229196235,154.0,0.07987012987012987,0.06109979633401222,0.19480519480519481,0.10562770562770563,0.16006493506493505,0.1364562118126273,0.33116883116883117,0.14058441558441556,0.21093073593073594,0.18126272912423624,0.42857142857142855,0.13970830756545044,0.27846320346320347,0.25661914460285135,0.538961038961039,0.1206966193979181,0.4995670995670996,0.4684317718940937,0.7662337662337663,0.04408610737996129,0.5380952380952381,0.5071283095723014,0.7922077922077922,0.03116315622105403,0.6787878787878788,0.6517311608961304,0.8896103896103896,0.008248594424880556
strict-candidate,train_kfold,0.0,0.0,0.25,0.0,0.5,0.0,0.25,245.6,0.05157983518610696,0.04264154541990219,0.14331508213041316,0.0710129970687462,0.1054161827332559,0.09281904806159247,0.25000829600132735,0.09764327984387716,0.12923400254410708,0.11709079758969465,0.29316741330678614,0.09208128237744964,0.18325230905370277,0.16973874893386248,0.38762900282064044,0.08327734927535824,0.3594773519163763,0.33954043486538765,0.6140368342458935,0.03359901481206751,0.41087185443283003,0.39071373118899355,0.6840716774514684,0.02525423746586778,0.6014544549527129,0.5812935873863126,0.832288037166086,0.007746889940930637,154.0,0.08463203463203463,0.06720977596741344,0.21428571428571427,0.11320346320346321,0.16266233766233767,0.14052953156822812,0.33766233766233766,0.1438311688311688,0.21255411255411255,0.18329938900203666,0.42857142857142855,0.14115130900845188,0.27976190476190477,0.25865580448065173,0.5454545454545454,0.12156242026371897,0.49924242424242427,0.4684317718940937,0.7597402597402597,0.04408333947438009,0.5380952380952381,0.5071283095723014,0.7922077922077922,0.03116315622105403,0.6787878787878788,0.6517311608961304,0.8896103896103896,0.008248594424880556
strict-candidate,train_kfold,0.0,0.0,0.0,0.5,0.0,0.0,0.5,245.6,0.052787567059344065,0.04337090863161998,0.14576074332171893,0.07245207676566562,0.10428560367236325,0.09237028230001261,0.2500016592002655,0.09695608649964052,0.12783391405342626,0.11541247650675354,0.29316741330678614,0.090840977505985,0.17852768099109564,0.1649169483150354,0.3762302969968475,0.08093497487524366,0.35688136718101876,0.34048402978862813,0.6164692218350755,0.03368416960325814,0.4074785133565621,0.38903445659967173,0.6791903102704497,0.02514167749078832,0.5948876721420275,0.5754638700237221,0.8290360046457608,0.007669322015577078,154.0,0.08116883116883117,0.059063136456211814,0.18831168831168832,0.10476190476190476,0.15898268398268398,0.13034623217922606,0.33116883116883117,0.13579158936301794,0.1905844155844156,0.1670061099796334,0.4025974025974026,0.1270923520923521,0.24448051948051946,0.2219959266802444,0.4805194805194805,0.10445571744273043,0.458008658008658,0.43380855397148677,0.7532467532467533,0.04080663853503908,0.5298701298701298,0.5030549898167006,0.8181818181818182,0.03090370557406973,0.6764069264069265,0.6476578411405295,0.8961038961038961,0.00819716091296524
strict-candidate,train_kfold,0.0,0.0,0.25,0.5,0.25,0.0,0.0,245.6,0.051377246833692825,0.042389443706534906,0.1425053924008628,0.070688899950224,0.10344754161827333,0.09208206681914148,0.24756595321055253,0.09654190270765681,0.12756401747690946,0.11660309274474379,0.29153807864609255,0.09152010397654997,0.18024976494662906,0.1673181227165398,0.3794790111166418,0.08204934847244454,0.3540199104031857,0.33542227924261864,0.606706487473038,0.03318772134439593,0.4052779713511421,0.3858765401259615,0.6775576572092252,0.02494045095598313,0.6007765057242409,0.5807792673527814,0.832288037166086,0.00774041817575986,154.0,0.08214285714285714,0.06517311608961303,0.2077922077922078,0.10952380952380952,0.16461038961038962,0.14052953156822812,0.34415584415584416,0.1448051948051948,0.20097402597402597,0.17515274949083504,0.42207792207792205,0.13462172747887036,0.2752164502164502,0.2545824847250509,0.5324675324675324,0.11961436831566702,0.49924242424242427,0.4684317718940937,0.7597402597402597,0.04408333947438009,0.5374458874458874,0.5091649694501018,0.7987012987012987,0.031283204240261715,0.6787878787878788,0.6517311608961304,0.8896103896103896,0.008248594424880556
strict-candidate,train_kfold,0.0,0.0,0.0,1.0,0.0,0.0,0.0,245.6,0.05278823073945025,0.043367254123221635,0.14576406172224987,0.07245318289917593,0.10336463691167523,0.0918836678667732,0.24674630827940933,0.09641822908024998,0.12826967534981473,0.11514707606202972,0.2947867927658868,0.0908585149894259,0.1782361041977767,0.16469459386028618,0.37541065206570434,0.08082098190510337,0.35359908190918643,0.33809883379031275,0.6107682097229136,0.03344344970788858,0.40687417731320175,0.3880443045623271,0.677567612410818,0.02508029133324293,0.5922992091145401,0.5723441148399258,0.8282263149162103,0.007627412960809936,154.0,0.08409090909090909,0.06109979633401222,0.19480519480519481,0.10865800865800866,0.10822510822510824,0.09164969450101833,0.2662337662337662,0.09421768707482993,0.16742424242424245,0.1425661914460285,0.34415584415584416,0.10931766646052361,0.22391774891774893,0.1975560081466395,0.42207792207792205,0.0931250567614204,0.4127705627705628,0.3869653767820774,0.6883116883116883,0.03642084097826775,0.4637445887445888,0.4378818737270876,0.7727272727272727,0.02690459823936592,0.6579004329004329,0.6334012219959266,0.8896103896103896,0.0080165281643477
strict-candidate,train_kfold,0.0,0.0,0.5,0.0,0.5,0.0,0.0,245.6,0.05023837177147281,0.04166357163331358,0.14006304961008795,0.06933278026657817,0.10313395276809911,0.09182350300737593,0.24593330014932802,0.09623980974503624,0.1274014158508932,0.11636096199413845,0.29072507051601126,0.09135750235053372,0.1800864996405066,0.16708282859889273,0.3786626845860296,0.08194050493502958,0.3538972955035673,0.33517352302371317,0.6083325037332006,0.03316440625660755,0.4059277141751009,0.3858825475663886,0.6783706653393065,0.024941001050102263,0.6009391073502572,0.5810277145577504,0.832288037166086,0.0077436380099384,154.0,0.07781385281385281,0.05702647657841141,0.18181818181818182,0.10194805194805194,0.16006493506493505,0.1364562118126273,0.33116883116883117,0.14058441558441556,0.20833333333333334,0.17718940936863545,0.42857142857142855,0.13711090496804784,0.2739177489177489,0.2525458248472505,0.5324675324675324,0.11874856744986614,0.49664502164502167,0.46435845213849286,0.7597402597402597,0.043706904315336234,0.5348484848484848,0.505091649694501,0.7922077922077922,0.03103583256431861,0.6787878787878788,0.6517311608961304,0.8896103896103896,0.008248594424880556
strict-candidate,train_kfold,0.0,0.0,0.0,0.75,0.0,0.0,0.25,245.6,0.05278823073945025,0.043367254123221635,0.14576406172224987,0.07245318289917593,0.10305298379514408,0.09164471924072781,0.24593330014932802,0.09611819036557713,0.12783607101377137,0.11465018165209184,0.29316077650572425,0.09049266133088932,0.17694845417841934,0.16346149960567222,0.374600962336154,0.08026476316670443,0.35531159780985566,0.3390122959219053,0.6132171893147503,0.03353993275811677,0.40867955312206183,0.39023533508849323,0.6800066368010619,0.025219859236430425,0.5944562800730048,0.5755207371834137,0.8274099883855982,0.007669348302232358,154.0,0.08116883116883117,0.059063136456211814,0.18831168831168832,0.10476190476190476,0.1446969696969697,0.11608961303462322,0.3051948051948052,0.12280457637600495,0.18852813852813854,0.16089613034623218,0.38961038961038963,0.12312925170068027,0.24567099567099568,0.22606924643584522,0.474025974025974,0.1060422261720963,0.43593073593073595,0.4073319755600815,0.7272727272727273,0.03832886353993906,0.4897186147186148,0.4663951120162933,0.7922077922077922,0.028647114812567244,0.6796536796536797,0.6517311608961304,0.8961038961038961,0.00824869667878672
strict-candidate,train_kfold,0.0,0.0,0.25,0.25,0.25,0.0,0.25,245.6,0.05040163707759526,0.041898865750960634,0.14087937614070017,0.0696048891101156,0.10297135114208285,0.09158455438133054,0.24593330014932802,0.0960365577125159,0.1274014158508932,0.11636096199413845,0.29072507051601126,0.09135750235053372,0.1800864996405066,0.16708282859889273,0.3786626845860296,0.08194050493502958,0.3538972955035673,0.33517352302371317,0.6075194956031192,0.03316440625660755,0.4051153697251258,0.3856344093753562,0.6775576572092252,0.024924965086838724,0.6009391073502572,0.5810277145577504,0.832288037166086,0.0077436380099384,154.0,0.083008658008658,0.06517311608961303,0.2077922077922078,0.11060606060606061,0.16006493506493505,0.1364562118126273,0.33116883116883117,0.14058441558441556,0.20097402597402597,0.17515274949083504,0.42207792207792205,0.13462172747887036,0.2739177489177489,0.2525458248472505,0.525974025974026,0.11874856744986614,0.49794372294372297,0.4663951120162933,0.7597402597402597,0.04389512189485816,0.5361471861471861,0.5071283095723014,0.7922077922077922,0.03115951840229016,0.6787878787878788,0.6517311608961304,0.8896103896103896,0.008248594424880556
strict-candidate,train_kfold,0.0,0.0,0.25,0.0,0.25,0.0,0.5,245.6,0.05060488911011559,0.04214099650156596,0.14169238427078149,0.06993009236214812,0.10269924229854543,0.09134926026368348,0.24593330014932802,0.09576444886897849,0.12696670538133953,0.11588353712588606,0.28991206238593,0.09099081909186439,0.17981549693047952,0.1668343813939238,0.3786626845860296,0.08181542676117091,0.3532170233947237,0.33468947268716065,0.6066998506719761,0.03311530113287556,0.40592837785520713,0.3858828565803252,0.6783706653393065,0.024941064257731422,0.6009391073502572,0.5810277145577504,0.832288037166086,0.0077436380099384,154.0,0.07781385281385281,0.05702647657841141,0.18181818181818182,0.10194805194805194,0.16006493506493505,0.1364562118126273,0.33116883116883117,0.14058441558441556,0.20616883116883117,0.17515274949083504,0.42857142857142855,0.1354875283446712,0.2713203463203463,0.2484725050916497,0.525974025974026,0.11701696571826442,0.49664502164502167,0.46435845213849286,0.7597402597402597,0.043706904315336234,0.5348484848484848,0.505091649694501,0.7922077922077922,0.03103583256431861,0.6787878787878788,0.6517311608961304,0.8896103896103896,0.008248594424880556
strict-candidate,train_kfold,0.0,0.0,0.5,0.0,0.25,0.25,0.0,245.6,0.05182373762513135,0.042638411090098506,0.14331508213041316,0.0712839997787733,0.10265859189204136,0.09133976168475993,0.24593330014932802,0.09573541286433272,0.12821774238150546,0.11660971821304393,0.2915413970466235,0.09162961119407113,0.17992389801449032,0.1668343813939238,0.37784967645594825,0.08183210385101873,0.3540598971295835,0.33542197022868214,0.6083325037332006,0.03318797170965338,0.4054812233836624,0.38613130378529414,0.6783706653393065,0.02495608572771546,0.6020265472042475,0.582006095207554,0.8322913555666169,0.007756614841458805,154.0,0.07564935064935065,0.054989816700611,0.17532467532467533,0.09870129870129869,0.16006493506493505,0.1364562118126273,0.33116883116883117,0.14058441558441556,0.20746753246753247,0.17718940936863545,0.42857142857142855,0.1367862296433725,0.2739177489177489,0.2525458248472505,0.5324675324675324,0.11874856744986614,0.49826839826839825,0.4663951120162933,0.7662337662337663,0.04389788980043936,0.5335497835497836,0.5030549898167006,0.7922077922077922,0.030912146726347057,0.6787878787878788,0.6517311608961304,0.8896103896103896,0.008248594424880556
strict-candidate,train_kfold,0.0,0.0,0.25,0.5,0.0,0.25,0.0,245.6,0.05182373762513135,0.042638411090098506,0.14331508213041316,0.0712839997787733,0.10236093136441568,0.09110081305871454,0.2451202920192467,0.09547823682318456,0.12848874509153255,0.11685184896364924,0.2923544051767048,0.09183286322659145,0.1800593993695039,0.1668343813939238,0.37784967645594825,0.08184252703217362,0.35184458824180076,0.33444019628966054,0.6042608262817322,0.033088851881255564,0.40556252419667055,0.3858923551592487,0.6775576572092252,0.024941055325310595,0.6003578894972623,0.5805604062962946,0.8314783474365356,0.007737224314027816,154.0,0.07954545454545454,0.06109979633401222,0.19480519480519481,0.10519480519480519,0.16385281385281386,0.1384928716904277,0.33766233766233766,0.14349103277674707,0.20183982683982682,0.17515274949083504,0.42207792207792205,0.1349464028035457,0.27261904761904765,0.2505091649694501,0.525974025974026,0.11788276658406528,0.4995670995670996,0.4684317718940937,0.7662337662337663,0.04408610737996129,0.5361471861471861,0.5071283095723014,0.7987012987012987,0.03115951840229016,0.6787878787878788,0.6517311608961304,0.8896103896103896,0.008248594424880556
strict-candidate,train_kfold,0.0,0.0,0.25,0.25,0.0,0.25,0.25,245.6,0.05182373762513135,0.042638411090098506,0.14331508213041316,0.0712839997787733,0.10236093136441568,0.09110081305871454,0.2451202920192467,0.09547823682318456,0.1283261434655163,0.11660971821304393,0.2915413970466235,0.0916702616005752,0.1800593993695039,0.1668343813939238,0.37784967645594825,0.08184252703217362,0.3517074276865218,0.3344470329226188,0.6042575078812013,0.033088383613066666,0.4057251258226868,0.3861376202396577,0.6775576572092252,0.024956541194455003,0.6003585531773685,0.5805472532089727,0.8314783474365356,0.0077372374562081365,154.0,0.07824675324675325,0.059063136456211814,0.18831168831168832,0.10303030303030303,0.1616883116883117,0.1364562118126273,0.33116883116883117,0.1413265306122449,0.20833333333333334,0.17718940936863545,0.42857142857142855,0.13711090496804784,0.2752164502164502,0.2545824847250509,0.5324675324675324,0.11961436831566702,0.49696969696969695,0.46435845213849286,0.7662337662337663,0.043709672220917435,0.5348484848484848,0.505091649694501,0.7922077922077922,0.03103583256431861,0.6804112554112554,0.6537678207739308,0.8896103896103896,0.008274362307791296
strict-candidate,train_kfold,0.0,0.0,0.5,0.0,0.0,0.5,0.0,245.6,0.05182373762513135,0.042638411090098506,0.14331508213041316,0.0712839997787733,0.10225208782700072,0.09110081305871454,0.2451202920192467,0.0954102096123002,0.1282854930590122,0.11661290033760385,0.2923544051767048,0.09165219475324006,0.1806025109230684,0.1673181227165398,0.3794790111166418,0.08209319390304956,0.35224943310657597,0.3349281122992695,0.6050705160112825,0.03313692141187749,0.4051553564515237,0.3856404168157833,0.6775576572092252,0.02492505078179749,0.6003585531773685,0.5805472532089727,0.8314783474365356,0.0077372374562081365,154.0,0.07694805194805195,0.05702647657841141,0.18181818181818182,0.10086580086580087,0.15844155844155844,0.13441955193482688,0.3246753246753247,0.1387291280148423,0.20833333333333334,0.17718940936863545,0.42857142857142855,0.13711090496804784,0.2739177489177489,0.2525458248472505,0.5324675324675324,0.11874856744986614,0.49826839826839825,0.4663951120162933,0.7662337662337663,0.04389788980043936,0.5322510822510823,0.5010183299389002,0.7922077922077922,0.030788460888375505,0.6787878787878788,0.6517311608961304,0.8896103896103896,0.008248594424880556
strict-candidate,train_kfold,0.0,0.0,0.25,0.0,0.0,0.25,0.5,245.6,0.05182373762513135,0.042638411090098506,0.14331508213041316,0.0712839997787733,0.10208882252087828,0.09085205683980906,0.24430396548863448,0.09520612797964714,0.1279602898069797,0.11612232238202957,0.2915413970466235,0.09132699150120754,0.1800593993695039,0.1668343813939238,0.37784967645594825,0.08184252703217362,0.35170632155301146,0.3344404074543187,0.6042541894806703,0.0330882845563344,0.4051553564515237,0.3856404168157833,0.6775576572092252,0.02492505078179749,0.6003585531773685,0.5805472532089727,0.8314783474365356,0.0077372374562081365,154.0,0.07781385281385281,0.05702647657841141,0.18181818181818182,0.10194805194805194,0.15844155844155844,0.13441955193482688,0.3246753246753247,0.1387291280148423,0.20833333333333334,0.17718940936863545,0.42857142857142855,0.13711090496804784,0.2739177489177489,0.2525458248472505,0.5324675324675324,0.11874856744986614,0.49826839826839825,0.4663951120162933,0.7662337662337663,0.04389788980043936,0.5322510822510823,0.5010183299389002,0.7922077922077922,0.030788460888375505,0.6787878787878788,0.6517311608961304,0.8896103896103896,0.008248594424880556
strict-candidate,train_kfold,0.0,0.0,0.5,0.0,0.0,0.25,0.25,245.6,0.05101139317515624,0.04238312725217129,0.1425053924008628,0.07047209778220231,0.10208882252087828,0.09085205683980906,0.24430396548863448,0.09520612797964714,0.12707510646535036,0.11587722067152244,0.29072507051601126,0.09103146949836846,0.17921929096841988,0.1660985383579405,0.3770366683258669,0.08147354641929058,0.3495604225430009,0.3327623475905578,0.6001825120292019,0.03291989893774788,0.404829489519385,0.3851432133919089,0.6775576572092252,0.024894015835879517,0.6014452187379017,0.5810243690632886,0.8322946739671477,0.007743715739273299,154.0,0.07781385281385281,0.05702647657841141,0.18181818181818182,0.10194805194805194,0.16006493506493505,0.1364562118126273,0.33116883116883117,0.14058441558441556,0.20833333333333334,0.17718940936863545,0.42857142857142855,0.13711090496804784,0.27045454545454545,0.2484725050916497,0.5324675324675324,0.11688376558506429,0.494047619047619,0.46028513238289204,0.7597402597402597,0.04333046915629238,0.530952380952381,0.4989816700610998,0.7857142857142857,0.030664775050403954,0.6755411255411256,0.6496945010183299,0.8896103896103896,0.008222723881081724
strict-candidate,train_kfold,0.0,0.0,0.5,0.25,0.0,0.25,0.0,245.6,0.05101139317515624,0.04238312725217129,0.1425053924008628,0.07047209778220231,0.10208882252087828,0.09085205683980906,0.24430396548863448,0.09520612797964714,0.12707510646535036,0.11587722067152244,0.29072507051601126,0.09103146949836846,0.17894828825839276,0.16585009115297158,0.3770366683258669,0.08134846824543192,0.3497230241690172,0.33300129621660324,0.6001825120292019,0.03294346439079372,0.4049920911454013,0.38538534414251424,0.6783706653393065,0.024909501705023922,0.6012826171118854,0.5807822383126833,0.8322946739671477,0.007740495905094759,154.0,0.07564935064935065,0.054989816700611,0.17532467532467533,0.09870129870129869,0.16006493506493505,0.1364562118126273,0.33116883116883117,0.14058441558441556,0.20183982683982682,0.17515274949083504,0.42207792207792205,0.1349464028035457,0.27261904761904765,0.2505091649694501,0.525974025974026,0.11788276658406528,0.494047619047619,0.46028513238289204,0.7597402597402597,0.04333046915629238,0.5322510822510823,0.5010183299389002,0.7857142857142857,0.030788460888375505,0.6755411255411256,0.6496945010183299,0.8896103896103896,0.008222723881081724
strict-candidate,train_kfold,0.0,0.0,0.5,0.0,0.25,0.0,0.25,245.6,0.05019838504507494,0.041902047875520564,0.14087937614070017,0.0693880869420939,0.10192522537470272,0.09062338819046215,0.24511697361871576,0.09500237818704718,0.12680410375532328,0.11563508992091713,0.28991206238593,0.09082821746584814,0.179490293678447,0.16634698556290944,0.37784967645594825,0.08159862459314923,0.3516266799402688,0.33372116084939746,0.6034411813505891,0.03301796876900604,0.40478950279298714,0.3851372059514818,0.6767446490791438,0.02489393014092075,0.601592168574747,0.5810237510354155,0.8322913555666169,0.007743663822124898,154.0,0.07781385281385281,0.05702647657841141,0.18181818181818182,0.10194805194805194,0.16006493506493505,0.1364562118126273,0.33116883116883117,0.14058441558441556,0.20616883116883117,0.17515274949083504,0.42857142857142855,0.1354875283446712,0.2680735930735931,0.24643584521384929,0.525974025974026,0.11593471463601333,0.494047619047619,0.46028513238289204,0.7597402597402597,0.04333046915629238,0.5322510822510823,0.5010183299389002,0.7857142857142857,0.030788460888375505,0.6755411255411256,0.6496945010183299,0.8896103896103896,0.008222723881081724
strict-candidate,train_kfold,0.0,0.0,0.5,0.25,0.25,0.0,0.0,245.6,0.05019838504507494,0.041902047875520564,0.14087937614070017,0.0693880869420939,0.10192522537470272,0.09062338819046215,0.24511697361871576,0.09500237818704718,0.12680410375532328,0.11563508992091713,0.28991206238593,0.09082821746584814,0.179490293678447,0.16634698556290944,0.37784967645594825,0.08159862459314923,0.3519271058016703,0.33394961833408626,0.6034444997511199,0.03304209867576341,0.40474802278635036,0.38513689693754527,0.676741330678613,0.024893717422938,0.601592168574747,0.5810237510354155,0.8322913555666169,0.007743663822124898,154.0,0.07781385281385281,0.05702647657841141,0.18181818181818182,0.10194805194805194,0.16006493506493505,0.1364562118126273,0.33116883116883117,0.14058441558441556,0.20097402597402597,0.17515274949083504,0.42207792207792205,0.13462172747887036,0.2693722943722944,0.2484725050916497,0.525974025974026,0.1168005155018142,0.494047619047619,0.46028513238289204,0.7597402597402597,0.04333046915629238,0.5348484848484848,0.505091649694501,0.7857142857142857,0.03103583256431861,0.6755411255411256,0.6496945010183299,0.8896103896103896,0.008222723881081724
strict-candidate,train_kfold,0.0,0.0,0.75,0.0,0.0,0.25,0.0,245.6,0.05019838504507494,0.041902047875520564,0.14087937614070017,0.0693880869420939,0.10188308168795975,0.09060695512930192,0.24430064708810356,0.09497156446783127,0.12639594049001715,0.11539979580327006,0.28991206238593,0.09059498131424464,0.17878502295227033,0.1656013349340661,0.37622034179525465,0.08123962470801695,0.3495604225430009,0.3327623475905578,0.6001825120292019,0.03291989893774788,0.4046668878933687,0.3848947661869399,0.6767446490791438,0.024878529966735112,0.6014452187379017,0.5810243690632886,0.8322946739671477,0.007743715739273299,154.0,0.07781385281385281,0.05702647657841141,0.18181818181818182,0.10194805194805194,0.16006493506493505,0.1364562118126273,0.33116883116883117,0.14058441558441556,0.20833333333333334,0.17718940936863545,0.42857142857142855,0.13711090496804784,0.26915584415584415,0.24643584521384929,0.525974025974026,0.11601796471926343,0.49274891774891777,0.45824847250509165,0.7597402597402597,0.04314225157677045,0.530952380952381,0.4989816700610998,0.7857142857142857,0.030664775050403954,0.6755411255411256,0.6496945010183299,0.8896103896103896,0.008222723881081724
strict-candidate,train_kfold,0.0,0.0,0.75,0.0,0.25,0.0,0.0,245.6,0.05019838504507494,0.041902047875520564,0.14087937614070017,0.0693880869420939,0.10172048006194348,0.09036800650325652,0.24430064708810356,0.09476831243531095,0.12680410375532328,0.11563508992091713,0.28991206238593,0.09082821746584814,0.17921929096841988,0.1660985383579405,0.37784967645594825,0.08147354641929058,0.34956108622310716,0.3327491945032359,0.6001825120292019,0.03291999512327052,0.40478950279298714,0.3851372059514818,0.6767446490791438,0.02489393014092075,0.6015915048946407,0.5810139434425554,0.8331043636966982,0.0077436506799445776,154.0,0.07781385281385281,0.05702647657841141,0.18181818181818182,0.10194805194805194,0.16006493506493505,0.1364562118126273,0.33116883116883117,0.14058441558441556,0.20616883116883117,0.17515274949083504,0.42857142857142855,0.1354875283446712,0.26461038961038963,0.24236252545824846,0.525974025974026,0.11406991277121148,0.49274891774891777,0.45824847250509165,0.7597402597402597,0.04314225157677045,0.5322510822510823,0.5010183299389002,0.7857142857142857,0.030788460888375505,0.6755411255411256,0.6496945010183299,0.8896103896103896,0.008222723881081724
strict-candidate,train_kfold,0.0,0.0,0.25,0.75,0.0,0.0,0.0,245.6,0.04922111608871191,0.04116589582560075,0.13843703334992535,0.06803086112493778,0.10101449034898513,0.09014914544676969,0.24349095735855317,0.09442995409545932,0.1265585421160334,0.1156419265538754,0.29072507051601126,0.0907575829402609,0.17841850561362754,0.16512709219037364,0.37540401526464245,0.08101463715201893,0.3485408439798684,0.3322421834865015,0.5993628670980586,0.03287086919451851,0.40427183231015984,0.38466630870225116,0.676741330678613,0.024862167835216425,0.5943811183009788,0.5739312554204505,0.829849012775842,0.0076499243655984445,154.0,0.08084415584415584,0.06313645621181263,0.2012987012987013,0.10735930735930738,0.1566017316017316,0.13238289205702647,0.3246753246753247,0.1367965367965368,0.20183982683982682,0.17515274949083504,0.42207792207792205,0.1349464028035457,0.270995670995671,0.24439918533604887,0.525974025974026,0.11519822169172818,0.49826839826839825,0.4663951120162933,0.7662337662337663,0.04389788980043936,0.5348484848484848,0.505091649694501,0.7922077922077922,0.03103583256431861,0.6666666666666667,0.639511201629328,0.8896103896103896,0.008093833035247841
strict-candidate,train_kfold,0.0,0.0,0.0,0.25,0.0,0.0,0.75,245.6,0.05019838504507494,0.041902047875520564,0.14087937614070017,0.0693880869420939,0.10097301034234832,0.09014251997846953,0.24348763895802222,0.09439996997637615,0.12612383164647972,0.115164501685623,0.2890957358553178,0.09039089968159157,0.17814750290360046,0.16489446001869185,0.37377799900447983,0.08088955897816028,0.35036286709805875,0.33538941312029824,0.6050638792102208,0.03317793953897351,0.4054097118522206,0.38613281652632186,0.676741330678613,0.024954846766933318,0.595346606935457,0.5749497133600927,0.8306620209059232,0.007662868915646312,154.0,0.08625541125541125,0.06517311608961303,0.2077922077922078,0.11277056277056277,0.154004329004329,0.12830957230142567,0.3246753246753247,0.13354978354978356,0.19415584415584414,0.17311608961303462,0.4025974025974026,0.13179756751185323,0.2680735930735931,0.24439918533604887,0.5194805194805194,0.11516167814869115,0.49610389610389616,0.46435845213849286,0.7662337662337663,0.04370405378570783,0.5372294372294373,0.5091649694501018,0.8051948051948052,0.03128318114731213,0.6693722943722944,0.6415478615071283,0.8961038961038961,0.00811970337494948
strict-candidate,train_kfold,0.0,0.0,0.25,0.5,0.0,0.0,0.25,245.6,0.049629279354018035,0.041414652044506214,0.13925335988053758,0.06857507881201261,0.1007009014988109,0.08989376375956407,0.24267131242740997,0.09412786113283875,0.12639594049001715,0.11539979580327006,0.28991206238593,0.09059498131424464,0.17814750290360046,0.1648786449854047,0.37459100713456117,0.08088955897816028,0.3485408439798684,0.3322484999408651,0.5985498589679774,0.03287086919451851,0.40378336375200485,0.3839206580734078,0.6759283225485315,0.02481564702015405,0.5943811183009788,0.5739177933191921,0.829849012775842,0.0076499243655984445,154.0,0.07824675324675325,0.059063136456211814,0.18831168831168832,0.10303030303030303,0.1566017316017316,0.13238289205702647,0.3246753246753247,0.1367965367965368,0.20183982683982682,0.17515274949083504,0.42207792207792205,0.1349464028035457,0.26720779220779217,0.24643584521384929,0.5194805194805194,0.1158015145028132,0.4953463203463203,0.4623217922606925,0.7597402597402597,0.043518686735814306,0.5335497835497836,0.5030549898167006,0.7857142857142857,0.030912146726347057,0.6666666666666667,0.639511201629328,0.8896103896103896,0.008093833035247841
strict-candidate,train_kfold,0.0,0.0,0.5,0.5,0.0,0.0,0.0,245.6,0.05003578341905869,0.04166309924947516,0.1400663680106189,0.06911708423206682,0.1007009014988109,0.08989376375956407,0.24267131242740997,0.09412786113283875,0.12639594049001715,0.11539979580327006,0.28991206238593,0.09059498131424464,0.177984237597478,0.16464335086775764,0.37459100713456117,0.0807807154407453,0.3485814943863724,0.332251682065425,0.5985498589679774,0.032871215745298596,0.40378336375200485,0.3839206580734078,0.6759283225485315,0.02481564702015405,0.5947469719595155,0.5743956905712829,0.829849012775842,0.007656370422515402,154.0,0.07911255411255412,0.059063136456211814,0.18831168831168832,0.10411255411255413,0.15335497835497836,0.13034623217922606,0.3181818181818182,0.1341991341991342,0.20183982683982682,0.17515274949083504,0.42207792207792205,0.1349464028035457,0.26720779220779217,0.24643584521384929,0.5194805194805194,0.1158015145028132,0.494047619047619,0.46028513238289204,0.7597402597402597,0.04333046915629238,0.5322510822510823,0.5010183299389002,0.7857142857142857,0.030788460888375505,0.6666666666666667,0.639511201629328,0.8896103896103896,0.008093833035247841
strict-candidate,train_kfold,0.0,0.0,0.25,0.25,0.0,0.0,0.5,245.6,0.05019838504507494,0.041902047875520564,0.14087937614070017,0.0693880869420939,0.1007009014988109,0.08989376375956407,0.24267131242740997,0.09412786113283875,0.12639594049001715,0.11539979580327006,0.28991206238593,0.09059498131424464,0.17782163597146175,0.16440440224171224,0.37459100713456117,0.08067231435673447,0.3485814943863724,0.332251682065425,0.5985498589679774,0.032871215745298596,0.40378336375200485,0.3839206580734078,0.6759283225485315,0.02481564702015405,0.5943404678944748,0.574147243366314,0.829849012775842,0.007653131346299939,154.0,0.07911255411255412,0.059063136456211814,0.18831168831168832,0.10411255411255413,0.1555194805194805,0.13238289205702647,0.3181818181818182,0.13636363636363635,0.20183982683982682,0.17515274949083504,0.42207792207792205,0.1349464028035457,0.2637445887445887,0.24236252545824846,0.5194805194805194,0.11393671263801135,0.494047619047619,0.46028513238289204,0.7597402597402597,0.04333046915629238,0.5322510822510823,0.5010183299389002,0.7857142857142857,0.030788460888375505,0.6666666666666667,0.639511201629328,0.8896103896103896,0.008093833035247841
strict-candidate,train_kfold,0.0,0.0,0.0,0.0,0.0,0.0,1.0,245.6,0.05019838504507494,0.041902047875520564,0.14087937614070017,0.0693880869420939,0.1007009014988109,0.08989376375956407,0.24267131242740997,0.09412786113283875,0.12639594049001715,0.11539979580327006,0.28991206238593,0.09059498131424464,0.17765837066533932,0.16416910812406518,0.37459100713456117,0.0805634708193195,0.3485814943863724,0.332251682065425,0.5985498589679774,0.032871215745298596,0.40302322880371666,0.3829452483835061,0.6751119960179194,0.02475327643182986,0.5943398042143687,0.5741540799992723,0.8306620209059232,0.007653118204119619,154.0,0.07781385281385281,0.05702647657841141,0.18181818181818182,0.10194805194805194,0.1555194805194805,0.13238289205702647,0.3181818181818182,0.13636363636363635,0.20183982683982682,0.17515274949083504,0.42857142857142855,0.1349464028035457,0.2624458874458874,0.24032586558044808,0.5194805194805194,0.11307091177221049,0.49274891774891777,0.45824847250509165,0.7597402597402597,0.04314225157677045,0.5322510822510823,0.5010183299389002,0.7857142857142857,0.030788460888375505,0.6666666666666667,0.639511201629328,0.8896103896103896,0.008093833035247841
strict-candidate,train_kfold,0.0,0.0,0.25,0.0,0.0,0.0,0.75,245.6,0.05019838504507494,0.041902047875520564,0.14087937614070017,0.0693880869420939,0.1007009014988109,0.08989376375956407,0.24267131242740997,0.09412786113283875,0.12639594049001715,0.11539979580327006,0.28991206238593,0.09059498131424464,0.17765837066533932,0.16416910812406518,0.37459100713456117,0.0805634708193195,0.3485814943863724,0.332251682065425,0.5985498589679774,0.032871215745298596,0.40302322880371666,0.3829452483835061,0.6751119960179194,0.02475327643182986,0.5943398042143687,0.5741540799992723,0.8306620209059232,0.007653118204119619,154.0,0.07781385281385281,0.05702647657841141,0.18181818181818182,0.10194805194805194,0.1555194805194805,0.13238289205702647,0.3181818181818182,0.13636363636363635,0.20183982683982682,0.17515274949083504,0.42857142857142855,0.1349464028035457,0.2624458874458874,0.24032586558044808,0.5194805194805194,0.11307091177221049,0.49274891774891777,0.45824847250509165,0.7597402597402597,0.04314225157677045,0.5322510822510823,0.5010183299389002,0.7857142857142857,0.030788460888375505,0.6666666666666667,0.639511201629328,0.8896103896103896,0.008093833035247841
strict-candidate,train_kfold,0.0,0.0,0.5,0.0,0.0,0.0,0.5,245.6,0.05019838504507494,0.041902047875520564,0.14087937614070017,0.0693880869420939,0.1007009014988109,0.08989376375956407,0.24267131242740997,0.09412786113283875,0.12639594049001715,0.11539979580327006,0.28991206238593,0.09059498131424464,0.17765837066533932,0.16416910812406518,0.37459100713456117,0.0805634708193195,0.3485814943863724,0.332251682065425,0.5985498589679774,0.032871215745298596,0.40302322880371666,0.3829452483835061,0.6751119960179194,0.02475327643182986,0.5943398042143687,0.5741540799992723,0.8306620209059232,0.007653118204119619,154.0,0.07781385281385281,0.05702647657841141,0.18181818181818182,0.10194805194805194,0.1555194805194805,0.13238289205702647,0.3181818181818182,0.13636363636363635,0.20183982683982682,0.17515274949083504,0.42857142857142855,0.1349464028035457,0.2624458874458874,0.24032586558044808,0.5194805194805194,0.11307091177221049,0.49274891774891777,0.45824847250509165,0.7597402597402597,0.04314225157677045,0.5322510822510823,0.5010183299389002,0.7857142857142857,0.030788460888375505,0.6666666666666667,0.639511201629328,0.8896103896103896,0.008093833035247841
strict-candidate,train_kfold,0.0,0.0,0.5,0.25,0.0,0.0,0.25,245.6,0.05019838504507494,0.041902047875520564,0.14087937614070017,0.0693880869420939,0.1007009014988109,0.08989376375956407,0.24267131242740997,0.09412786113283875,0.12639594049001715,0.11539979580327006,0.28991206238593,0.09059498131424464,0.17765837066533932,0.16416910812406518,0.37459100713456117,0.0805634708193195,0.3485814943863724,0.332251682065425,0.5985498589679774,0.032871215745298596,0.4031864941098391,0.3831940046024115,0.6751119960179194,0.02476882550860343,0.5943404678944748,0.574147243366314,0.829849012775842,0.007653131346299939,154.0,0.07781385281385281,0.05702647657841141,0.18181818181818182,0.10194805194805194,0.1555194805194805,0.13238289205702647,0.3181818181818182,0.13636363636363635,0.20313852813852815,0.17718940936863545,0.42857142857142855,0.13624510410224697,0.2624458874458874,0.24032586558044808,0.5194805194805194,0.11307091177221049,0.49274891774891777,0.45824847250509165,0.7597402597402597,0.04314225157677045,0.5322510822510823,0.5010183299389002,0.7857142857142857,0.030788460888375505,0.6666666666666667,0.639511201629328,0.8896103896103896,0.008093833035247841
strict-candidate,train_kfold,0.0,0.0,0.75,0.0,0.0,0.0,0.25,245.6,0.05019838504507494,0.041902047875520564,0.14087937614070017,0.0693880869420939,0.1007009014988109,0.08989376375956407,0.24267131242740997,0.09412786113283875,0.12639594049001715,0.11539979580327006,0.28991206238593,0.09059498131424464,0.17765837066533932,0.16416910812406518,0.37459100713456117,0.0805634708193195,0.3485814943863724,0.332251682065425,0.5985498589679774,0.032871215745298596,0.40302322880371666,0.3829452483835061,0.6751119960179194,0.02475327643182986,0.5943398042143687,0.5741540799992723,0.8306620209059232,0.007653118204119619,154.0,0.07781385281385281,0.05702647657841141,0.18181818181818182,0.10194805194805194,0.1555194805194805,0.13238289205702647,0.3181818181818182,0.13636363636363635,0.20183982683982682,0.17515274949083504,0.42857142857142855,0.1349464028035457,0.2624458874458874,0.24032586558044808,0.5194805194805194,0.11307091177221049,0.49274891774891777,0.45824847250509165,0.7597402597402597,0.04314225157677045,0.5322510822510823,0.5010183299389002,0.7857142857142857,0.030788460888375505,0.6666666666666667,0.639511201629328,0.8896103896103896,0.008093833035247841
strict-candidate,train_kfold,0.0,0.0,0.75,0.25,0.0,0.0,0.0,245.6,0.05019838504507494,0.041902047875520564,0.14087937614070017,0.0693880869420939,0.1007009014988109,0.08989376375956407,0.24267131242740997,0.09412786113283875,0.12639594049001715,0.11539979580327006,0.28991206238593,0.09059498131424464,0.17765837066533932,0.16416910812406518,0.37459100713456117,0.0805634708193195,0.3485814943863724,0.332251682065425,0.5985498589679774,0.032871215745298596,0.40302322880371666,0.3829452483835061,0.6751119960179194,0.02475327643182986,0.5943404678944748,0.574147243366314,0.829849012775842,0.007653131346299939,154.0,0.07781385281385281,0.05702647657841141,0.18181818181818182,0.10194805194805194,0.1555194805194805,0.13238289205702647,0.3181818181818182,0.13636363636363635,0.20313852813852815,0.17718940936863545,0.42857142857142855,0.13624510410224697,0.2637445887445887,0.24236252545824846,0.525974025974026,0.11393671263801135,0.49274891774891777,0.45824847250509165,0.7597402597402597,0.04314225157677045,0.5322510822510823,0.5010183299389002,0.7857142857142857,0.030788460888375505,0.6666666666666667,0.639511201629328,0.8896103896103896,0.008093833035247841
strict-candidate,train_kfold,0.0,0.0,1.0,0.0,0.0,0.0,0.0,245.6,0.05019838504507494,0.041902047875520564,0.14087937614070017,0.0693880869420939,0.1007009014988109,0.08989376375956407,0.24267131242740997,0.09412786113283875,0.12639594049001715,0.11539979580327006,0.28991206238593,0.09059498131424464,0.17765837066533932,0.16416910812406518,0.37459100713456117,0.0805634708193195,0.3485814943863724,0.332251682065425,0.5985498589679774,0.032871215745298596,0.40302322880371666,0.3829452483835061,0.6751119960179194,0.02475327643182986,0.5976834245893479,0.5773270301084946,0.8331076820972292,0.007695164882975872,154.0,0.07781385281385281,0.05702647657841141,0.18181818181818182,0.10194805194805194,0.1555194805194805,0.13238289205702647,0.3181818181818182,0.13636363636363635,0.20183982683982682,0.17515274949083504,0.42857142857142855,0.1349464028035457,0.2624458874458874,0.24032586558044808,0.5194805194805194,0.11307091177221049,0.49274891774891777,0.45824847250509165,0.7597402597402597,0.04314225157677045,0.5322510822510823,0.5010183299389002,0.7857142857142857,0.030788460888375505,0.6755411255411256,0.6496945010183299,0.8896103896103896,0.008222723881081724
